start_time,end_time,activity,place,address,location,person,food,amount_of_food,meal_type,hunger,emotion,tiredness,temperature,humidity
2018-10-04 00:00,2018-10-04 07:00,수면,집,서울시 동작구 상도동,실내,혼자,/,/,/,예,보통,매우 낮음,보통,보통
2018-10-04 07:00,2018-10-04 07:11,기타|씻기,집,서울시 동작구 상도동,실내,혼자,/,/,/,예,긍정,매우 낮음,보통,보통
2018-10-04 07:11,2018-10-04 07:41,식사,집,서울시 동작구 상도동,실내,혼자,기타|과자,매우 적음,아침,아니오,보통,매우 낮음,보통,보통
2018-10-04 07:41,2018-10-04 08:42,이동,대중교통|버스,서울시 서대문구 신촌동,실외,혼자,/,/,/,아니오,부정,낮음,보통,보통
2018-10-04 08:42,2018-10-04 09:00,수동적 여가|유튜브,학교,서울시 서대문구 신촌동,실내,혼자,/,/,/,아니오,긍정,낮음,보통,보통
2018-10-04 09:00,2018-10-04 09:53,업무|이산 구조 수업,학교,서울시 서대문구 신촌동,실내,혼자,/,/,/,아니오,긍정,낮음,보통,보통
2018-10-04 09:53,2018-10-04 10:03,이동|건물간 이동,학교,서울시 서대문구 신촌동,실외,혼자,/,/,/,예,보통,낮음,보통,보통
2018-10-04 10:03,2018-10-04 10:57,업무|알고리즘 분석 수업,학교,서울시 서대문구 신촌동,실내,데면한 관계|박성재,/,/,/,예,긍정,낮음,보통,보통
2018-10-04 10:57,2018-10-04 11:05,사교|대화,학교,서울시 서대문구 신촌동,실내,데면한 관계|박성재,/,/,/,예,긍정,낮음,보통,보통
2018-10-04 11:05,2018-10-04 11:30,이동,학교,서울시 서대문구 신촌동,실외,데면한 관계|박성재,/,/,/,예,긍정,낮음,보통,보통
2018-10-04 11:30,2018-10-04 12:00,식사,식당,서울시 서대문구 신촌동,실내,데면한 관계|박성재,기타|햄버거,적음,점심,아니오,긍정,낮음,높음,보통
2018-10-04 12:00,2018-10-04 12:10,식사,카페,서울시 서대문구 신촌동,실내,데면한 관계|박성재,기타|커피,보통,간식,아니오,긍정,낮음,높음,보통
2018-10-04 12:10,2018-10-04 12:30,이동,학교,서울시 서대문구 신촌동,실외,데면한 관계|박성재,/,/,/,아니오,보통,낮음,높음,보통
2018-10-04 12:30,2018-10-04 13:00,공부|복습,학교,서울시 서대문구 신촌동,실내,혼자,/,/,/,아니오,보통,높음,높음,보통
2018-10-04 13:00,2018-10-04 14:00,업무|알고리즘 코딩,학교,서울시 서대문구 신촌동,실내,혼자,/,/,/,아니오,보통,높음,보통,보통
2018-10-04 14:00,2018-10-04 14:30,공부|책 읽기,학교,서울시 서대문구 신촌동,실내,혼자,/,/,/,아니오,보통,높음,보통,보통
2018-10-04 14:30,2018-10-04 15:30,이동,대중교통|버스,서울시 서대문구 신촌동,실외,혼자,/,/,/,아니오,부정,매우 높음,보통,보통
2018-10-04 15:30,2018-10-04 16:00,수동적 여가|하스스톤,집,서울시 동작구 상도동,실내,혼자,/,/,/,예,매우 긍정,낮음,보통,보통
2018-10-04 16:00,2018-10-04 17:00,수동적 여가|오버워치,집,서울시 동작구 상도동,실내,혼자,/,/,/,예,매우 긍정,높음,보통,보통
2018-10-04 17:00,2018-10-04 18:00,사교|카카오톡,집,서울시 동작구 상도동,실내,친밀한 관계|김동성,/,/,/,예,긍정,낮음,보통,보통
2018-10-04 18:00,2018-10-04 19:00,수동적 여가|닌텐도 스위치,집,서울시 동작구 상도동,실내,혼자,/,/,/,예,매우 긍정,낮음,보통,보통
2018-10-04 19:00,2018-10-04 19:30,식사,식당,서울시 동작구 상도동,실내,혼자,한식|한솥,적음,저녁,아니오,보통,낮음,보통,보통
2018-10-04 19:30,2018-10-04 20:00,수동적 여가|인터넷 방송,집,서울시 동작구 상도동,실내,혼자,/,/,/,아니오,긍정,낮음,보통,보통
2018-10-04 20:00,2018-10-04 20:30,야외활동|산책,집,서울시 동작구 상도동,실외,혼자,/,/,/,아니오,보통,높음,보통,보통
2018-10-04 20:30,2018-10-04 20:40,사교|카카오톡,집,서울시 동작구 상도동,실내,친밀한 관계|강성민,/,/,/,아니오,긍정,낮음,보통,보통
2018-10-04 20:40,2018-10-04 21:00,업무|과제,집,서울시 동작구 상도동,실내,혼자,/,/,/,아니오,보통,낮음,보통,보통
2018-10-04 21:00,2018-10-04 21:30,사교|에브리타임,집,서울시 동작구 상도동,실내,혼자,/,/,/,아니오,보통,낮음,보통,보통
2018-10-04 21:30,2018-10-04 22:00,수동적 여가|오버워치,집,서울시 동작구 상도동,실내,혼자,/,/,/,예,긍정,낮음,보통,보통
2018-10-04 22:00,2018-10-04 22:30,기타|샤워,집,서울시 동작구 상도동,실내,혼자,/,/,/,예,보통,낮음,보통,보통
2018-10-04 22:30,2018-10-05 00:00,수면,집,서울시 동작구 상도동,실내,혼자,/,/,/,예,보통,낮음,보통,보통