start_time,end_time,activity,place,address,location,person,food,amount_of_food,meal_type,hunger,emotion,tiredness,temperature,humidity
2018-09-25 00:00,2018-09-25 07:20,수면,집,서울시 동작구 상도동,실내,혼자,/,/,/,아니오,보통,낮음,보통,보통
2018-09-25 07:20,2018-09-25 07:40,기타|씻기,집,서울시 동작구 상도동,실내,혼자,/,/,/,예,보통,낮음,보통,보통
2018-09-25 07:40,2018-09-25 08:50,이동,대중교통|버스,서울시 동작구 상도동,실외,혼자,/,/,/,예,매우 부정,낮음,보통,보통
2018-09-25 08:50,2018-09-25 09:00,수동적 여가|하스스톤,학교,서울시 서대문구 신촌동,실내,혼자,/,/,/,예,긍정,낮음,보통,보통
2018-09-25 09:00,2018-09-25 09:55,업무|알고리즘 분석 수업,학교,서울시 서대문구 신촌동,실내,데면한 관계|박성재,/,/,/,예,긍정,낮음,보통,보통
2018-09-25 09:55,2018-09-25 10:03,업무|질문,학교,서울시 서대문구 신촌동,실내,혼자,/,/,/,예,긍정,낮음,보통,보통
2018-09-25 10:03,2018-09-25 10:54,업무|알고리즘 분석 수업,학교,서울시 서대문구 신촌동,실내,데면한 관계|박성재,/,/,/,예,긍정,낮음,보통,보통
2018-09-25 10:54,2018-09-25 11:05,사교|대화,학교,서울시 서대문구 신촌동,실내,데면한 관계|박성재,/,/,/,예,보통,낮음,보통,보통
2018-09-25 11:05,2018-09-25 11:15,이동|건물간 이동,학교,서울시 서대문구 신촌동,실외,데면한 관계|박성재,/,/,/,예,보통,낮음,보통,보통
2018-09-25 11:15,2018-09-25 11:45,식사|학식,식당,서울시 서대문구 신촌동,실내,데면한 관계|박성재,일식|돈코츠 라멘,보통,점심,아니오,보통,낮음,보통,보통
2018-09-25 11:45,2018-09-25 12:15,사교|대화,학교,서울시 서대문구 신촌동,실내,데면한 관계|박성재,/,/,/,아니오,보통,낮음,보통,보통
2018-09-25 12:15,2018-09-25 13:00,수동적 여가|유튜브,학교,서울시 서대문구 신촌동,실내,혼자,/,/,/,아니오,긍정,낮음,보통,보통
2018-09-25 13:00,2018-09-25 13:57,업무|이산 구조 수업,학교,서울시 서대문구 신촌동,실내,데면한 관계|박성재,/,/,/,아니오,보통,낮음,보통,보통
2018-09-25 13:57,2018-09-25 14:04,사교|카카오톡,학교,서울시 서대문구 신촌동,실내,친밀한 관계|강성민,/,/,/,아니오,긍정,낮음,보통,보통
2018-09-25 14:04,2018-09-25 14:20,이동|도서관,학교,서울시 서대문구 신촌동,실내,혼자,/,/,/,아니오,보통,낮음,보통,보통
2018-09-25 14:20,2018-09-25 15:20,과제|코딩,학교,서울시 서대문구 신촌동,실내,친밀한 관계|강성민,/,/,/,아니오,부정,낮음,보통,보통
2018-09-25 15:20,2018-09-25 15:40,수동적 여가|하스스톤,학교,서울시 서대문구 신촌동,실내,혼자,/,/,/,예,긍정,낮음,보통,보통
2018-09-25 15:40,2018-09-25 16:45,과제|코딩,학교,서울시 서대문구 신촌동,실내,친밀한 관계|강성민,/,/,/,예,긍정,낮음,보통,보통
2018-09-25 16:45,2018-09-25 17:00,이동|건물간 이동,학교,서울시 서대문구 신촌동,실내,혼자,/,/,/,예,보통,낮음,보통,보통
2018-09-25 17:00,2018-09-25 19:00,공부|동아리 세미나,학교,서울시 서대문구 신촌동,실내,데면한 관계|동아리 부원,/,/,/,예,긍정,낮음,보통,보통
2018-09-25 19:00,2018-09-25 20:00,식사,식당,서울시 서대문구 신촌동,실내,데면한 관계|동아리 부원,한식|삼겹살,적음,저녁,아니오,보통,낮음,보통,보통
2018-09-25 20:00,2018-09-25 21:00,사교|동아리 뒷풀이,식당,서울시 서대문구 신촌동,실내,데면한 관계|동아리 부원,기타|술,적음,야식,아니오,보통,낮음,보통,보통
2018-09-25 21:00,2018-09-25 22:00,이동|하교,대중교통|버스,서울시 서대문구 신촌동,실외,혼자,/,/,/,아니오,부정,낮음,보통,보통
2018-09-25 22:00,2018-09-25 22:15,수동적 여가|오버워치,집,서울시 동작구 상도동,실내,친밀한 관계|김동성,/,/,/,아니오,긍정,낮음,보통,보통
2018-09-25 22:15,2018-09-25 22:20,사교|카카오톡,집,서울시 동작구 상도동,실내,친밀한 관계|김동성,/,/,/,아니오,긍정,낮음,보통,보통
2018-09-25 22:20,2018-09-25 22:30,공부|구글링,집,서울시 동작구 상도동,실내,혼자,/,/,/,아니오,보통,낮음,보통,보통
2018-09-25 22:30,2018-09-25 22:42,공부|복습,집,서울시 동작구 상도동,실내,혼자,/,/,/,아니오,보통,낮음,보통,보통
2018-09-25 22:42,2018-09-25 23:00,업무|프로젝트,집,서울시 동작구 상도동,실내,혼자,/,/,/,아니오,부정,높음,보통,보통
2018-09-25 23:00,2018-09-25 23:13,수동적 여가|인터넷 방송,집,서울시 동작구 상도동,실내,혼자,/,/,/,예,긍정,낮음,보통,보통
2018-09-25 23:13,2018-09-26 00:00,수면,집,서울시 동작구 상도동,실내,혼자,/,/,/,예,긍정,낮음,보통,보통