start_time,end_time,activity,place,address,location,person,food,amount_of_food,meal_type,hunger,emotion,tiredness,temperature,humidity
2018-09-29 00:00,2018-09-29 08:00,수면,집,서울시 동작구 상도동,실내,혼자,/,/,/,아니오,보통,매우 낮음,낮음,보통
2018-09-29 08:00,2018-09-29 08:20,기타|씻기,집,서울시 동작구 상도동,실내,혼자,/,/,/,아니오,보통,매우 낮음,낮음,보통
2018-09-29 08:20,2018-09-29 09:00,수동적 여가|오버워치,집,서울시 동작구 상도동,실내,혼자,/,/,/,예,긍정,매우 낮음,낮음,보통
2018-09-29 09:00,2018-09-29 09:20,식사,집,서울시 동작구 상도동,실내,혼자,기타|시리얼,매우 적음,아침,아니오,보통,매우 낮음,낮음,보통
2018-09-29 09:20,2018-09-29 09:40,사교|카카오톡,집,서울시 동작구 상도동,실내,친밀한 관계|김동성,/,/,/,아니오,긍정,매우 낮음,낮음,보통
2018-09-29 09:40,2018-09-29 10:40,이동,대중교통|지하철,서울시 동작구 상도동,실외,혼자,/,/,/,아니오,보통,낮음,낮음,보통
2018-09-29 10:40,2018-09-29 12:00,능동적 여가|노래방,기타,서울시 동대문구 휘경동,실내,친밀한 관계|김동성,/,/,/,아니오,긍정,낮음,보통,보통
2018-09-29 12:00,2018-09-29 13:00,능동적 여가|PC방,기타,서울시 동대문구 휘경동,실내,친밀한 관계|김동성,/,/,/,예,매우 긍정,낮음,보통,보통
2018-09-29 13:00,2018-09-29 13:30,식사,식당,서울시 동대문구 휘경동,실내,친밀한 관계|김동성,한식|순대국밥,적음,점심,아니오,긍정,낮음,보통,보통
2018-09-29 13:30,2018-09-29 14:00,사교|대화,식당,서울시 동대문구 휘경동,실내,친밀한 관계|김동성,/,/,/,아니오,긍정,낮음,보통,보통
2018-09-29 14:00,2018-09-29 16:00,능동적 여가|영화관,기타,서울시 동대문구 휘경동,실내,친밀한 관계|김동성,/,/,/,아니오,매우 긍정,낮음,보통,보통
2018-09-29 16:00,2018-09-29 17:00,능동적 여가|게임방,기타,서울시 동대문구 휘경동,실내,친밀한 관계|김동성,/,/,/,아니오,매우 긍정,높음,높음,보통
2018-09-29 17:00,2018-09-29 17:30,식사,카페,서울시 동대문구 휘경동,실내,친밀한 관계|김동성,기타|커피,적음,간식,아니오,긍정,높음,높음,보통
2018-09-29 17:30,2018-09-29 18:00,사교|대화,카페,서울시 동대문구 휘경동,실내,친밀한 관계|김동성,/,/,/,아니오,긍정,높음,높음,보통
2018-09-29 18:00,2018-09-29 19:00,이동,대중교통|지하철,서울시 동대문구 휘경동,실외,혼자,/,/,/,아니오,긍정,매우 높음,높음,보통
2018-09-29 19:00,2018-09-29 19:30,수동적 여가|오버워치,집,서울시 동작구 상도동,실내,혼자,/,/,/,아니오,긍정,높음,높음,보통
2018-09-29 19:30,2018-09-29 20:00,수동적 여가|하스스톤,집,서울시 동작구 상도동,실내,혼자,/,/,/,아니오,긍정,낮음,높음,보통
2018-09-29 20:00,2018-09-29 20:30,공부|책 읽기,집,서울시 동작구 상도동,실내,혼자,/,/,/,예,보통,낮음,높음,보통
2018-09-29 20:30,2018-09-29 21:00,업무|과제,집,서울시 동작구 상도동,실내,혼자,/,/,/,예,보통,높음,높음,보통
2018-09-29 21:00,2018-09-29 21:30,업무|결과 레포트 작성,집,서울시 동작구 상도동,실내,혼자,/,/,/,예,보통,높음,보통,보통
2018-09-29 21:30,2018-09-29 21:40,사교|카카오톡,집,서울시 동작구 상도동,실내,친밀한 관계|김동성,/,/,/,예,긍정,낮음,보통,보통
2018-09-29 21:40,2018-09-29 22:00,식사,집,서울시 동작구 상도동,실내,혼자,한식|삼겹살,적음,저녁,아니오,보통,낮음,보통,보통
2018-09-29 22:00,2018-09-29 22:10,수동적 여가|인터넷 방송,집,서울시 동작구 상도동,실내,혼자,/,/,/,아니오,긍정,매우 낮음,보통,보통
2018-09-29 22:10,2018-09-29 22:20,사교|전화,집,서울시 동작구 상도동,실내,친밀한 관계|부모님,/,/,/,아니오,보통,낮음,보통,보통
2018-09-29 22:20,2018-09-29 22:31,사교|카카오톡,집,서울시 동작구 상도동,실내,친밀한 관계|강성민,/,/,/,아니오,긍정,낮음,낮음,보통
2018-09-29 22:31,2018-09-29 22:35,사교|에브리타임,집,서울시 동작구 상도동,실내,혼자,/,/,/,아니오,보통,낮음,낮음,보통
2018-09-29 22:35,2018-09-29 22:40,공부|중간고사 공부,집,서울시 동작구 상도동,실내,혼자,/,/,/,예,부정,높음,낮음,보통
2018-09-29 22:40,2018-09-29 22:50,업무|과제 코딩,집,서울시 동작구 상도동,실내,혼자,/,/,/,예,매우 부정,매우 높음,낮음,보통
2018-09-29 22:50,2018-09-29 23:10,기타|씻기,집,서울시 동작구 상도동,실내,혼자,/,/,/,예,보통,낮음,낮음,보통
2018-09-29 23:10,2018-09-30 00:00,수면,집,서울시 동작구 상도동,실내,혼자,/,/,/,예,보통,낮음,낮음,보통