start_time,end_time,activity,place,address,location,person,food,amount_of_food,meal_type,hunger,emotion,tiredness,temperature,humidity
2018-11-07 0:00,2018-11-07 6:40,수면,집,용인시 기흥구 신갈동,실내,혼자,/,/,/,예,보통,낮음,낮음,보통
2018-11-07 6:40,2018-11-07 7:00,기타|세면,집,용인시 기흥구 신갈동,실내,혼자,/,/,/,예,보통,낮음,낮음,보통
2018-11-07 7:00,2018-11-06 7:30,식사,집,용인시 기흥구 신갈동,실내,혼자,기타|빵,매우 적음,아침,예,보통,낮음,낮음,보통
2018-11-07 7:30,2018-11-07 8:10,청소,집,용인시 기흥구 신갈동,실내,혼자,/,/,/,아니오,보통,낮음,낮음,보통
2018-11-07 8:10,2018-11-07 8:55,이동,대중교통|지하철,용인시 기흥구 신갈동,실외,혼자,/,/,/,아니오,보통,낮음,매우 낮음,높음
2018-11-07 8:55,2018-11-07 10:00,업무,사무실,성남시 분당구 정자동,실내,혼자,/,/,/,아니오,보통,낮음,보통,보통
2018-11-07 10:00,2018-11-07 10:15,기타|휴식,사무실|휴게실,성남시 분당구 정자동,실내,혼자,기타|커피,매우 적음,간식,예,보통,낮음,보통,보통
2018-11-07 10:15,2018-11-07 11:30,업무,사무실,성남시 분당구 정자동,실내,혼자,/,/,/,예,보통,낮음,보통,보통
2018-11-07 11:30,2018-11-07 11:40,이동,야외,성남시 분당구 수내동,실외,친밀한 관계|장동기,/,/,/,예,보통,낮음,매우 낮음,낮음
2018-11-07 11:40,2018-11-07 12:30,식사,식당|일식당,성남시 분당구 수내동,실내,친밀한 관계|장동기,일식|우동,적음,점심,예,긍정,낮음,보통,보통
2018-11-07 12:30,2018-11-07 13:00,기타,카페,성남시 분당구 수내동,실내,친밀한 관계|장동기,기타|과일주스,매우 적음,간식,아니오,긍정,낮음,낮음,보통
2018-11-07 13:00,2018-11-07 13:15,이동,야외,성남시 분당구 정자동,실외,친밀한 관계|장동기,/,/,/,아니오,긍정,낮음,매우 낮음,보통
2018-11-07 13:15,2018-11-07 13:30,기타|휴식,사무실,성남시 분당구 정자동,실내,혼자,/,/,/,아니오,긍정,낮음,보통,보통
2018-11-07 13:30,2018-11-07 14:50,업무,사무실,성남시 분당구 정자동,실내,혼자,/,/,/,아니오,보통,낮음,보통,보통
2018-11-07 14:50,2018-11-07 15:10,기타|휴식,사무실|휴게실,성남시 분당구 정자동,실내,혼자,/,/,/,아니오,보통,낮음,보통,보통
2018-11-07 15:10,2018-11-07 15:55,업무,사무실,성남시 분당구 정자동,실내,혼자,/,/,/,아니오,보통,낮음,보통,보통
2018-11-07 15:55,2018-11-07 16:10,기타,사무실,성남시 분당구 정자동,실내,혼자,/,/,/,아니오,보통,낮음,보통,보통
2018-11-07 16:10,2018-11-07 17:20,업무,사무실|회의실,성남시 분당구 정자동,실내,친밀한 관계|장동기,/,/,/,아니오,보통,낮음,보통,보통
2018-11-07 17:20,2018-11-07 17:40,이동,야외,성남시 분당구 정자동,실외,친밀한 관계|장동기,/,/,/,예,부정,높음,매우 낮음,보통
2018-11-07 17:40,2018-11-07 18:40,식사,식당|한식당,성남시 분당구 정자동,실내,친밀한 관계|장동기,한식|고기,많음,저녁,예,부정,높음,보통,보통
2018-11-07 18:40,2018-11-07 19:00,기타,카페,성남시 분당구 정자동,실내,친밀한 관계|장동기,기타|커피,매우 적음,간식,아니오,부정,높음,보통,보통
2018-11-07 19:00,2018-11-07 19:15,이동,야외,성남시 분당구 정자동,실외,친밀한 관계|장동기,/,/,/,아니오,부정,매우 높음,매우 낮음,보통
2018-11-07 19:15,2018-11-07 20:20,업무,사무실,성남시 분당구 정자동,실내,혼자,/,/,/,아니오,부정,매우 높음,보통,보통
2018-11-07 20:20,2018-11-07 20:30,기타|휴식,사무실|휴게실,성남시 분당구 정자동,실내,친밀한 관계|장동기,/,/,/,아니오,보통,매우 높음,보통,보통
2018-11-07 20:30,2018-11-07 21:00,업무,사무실,성남시 분당구 정자동,실내,친밀한 관계|장동기,/,/,,아니오,부정,매우 높음,보통,보통
2018-11-07 21:00,2018-11-07 21:40,이동,대중교통|지하철,용인시 기흥구 신갈동,실외,혼자,/,/,/,아니오,부정,매우 높음,매우 낮음,보통
2018-11-07 21:40,2018-11-07 22:00,기타|휴식,집,용인시 기흥구 신갈동,실내,혼자,/,/,/,아니오,부정,매우 높음,낮음,보통
2018-11-07 22:00,2018-11-07 22:30,기타|샤워,집,용인시 기흥구 신갈동,실내,혼자,/,/,/,아니오,보통,매우 높음,보통,높음
2018-11-07 22:30,2018-11-07 23:20,수동적 여가|컴퓨터,집,용인시 기흥구 신갈동,실내,혼자,/,/,/,예,보통,매우 높음,보통,보통
2018-11-07 23:20,2018-11-07 23:40,기타|세면,집,용인시 기흥구 신갈동,실내,혼자,기타|우유,매우 적음,간식,예,보통,매우 높음,보통,보통
2018-11-07 23:40,2018-11-07 23:59,수면,집,용인시 기흥구 신갈동,실내,혼자,/,/,/,예,보통,매우 높음,보통,보통
