﻿start_time,end_time,activity,place,address,location,person,food,amount_of_food,meal_type,hunger,emotion,tiredness,temperature,humidity
2018-04-20 00:00,2018-04-20 00:10,기타|흡연,집,서울시 동작구 노량진동,실내,혼자,/,/,/,아니오,보통,매우 높음,보통,보통
2018-04-20 00:10,2018-04-20 01:00,수동적 여가|TV시청,집,서울시 동작구 노량진동,실내,혼자,/,/,/,아니오,긍정,매우 높음,보통,보통
2018-04-20 01:00,2018-04-20 02:00,공부,집,서울시 동작구 노량진동,실내,혼자,/,/,/,아니오,부정,매우 높음,보통,보통
2018-04-20 02:00,2018-04-20 10:00,수면,집,서울시 동작구 노량진동,실내,혼자,/,/,/,아니오,보통,높음,보통,보통
2018-04-20 10:00,2018-04-20 10:10,이동,야외,서울시 동작구 노량진동,실외,혼자,/,/,/,아니오,부정,높음,보통,보통
2018-04-20 10:10,2018-04-20 10:20,기타|흡연,야외,서울시 동작구 노량진동,실외,혼자,/,/,/,아니오,보통,높음,보통,보통
2018-04-20 10:20,2018-04-20 11:00,공부,기타|독서실,서울시 동작구 노량진동,실내,혼자,/,/,/,아니오,부정,높음,보통,보통
2018-04-20 11:00,2018-04-20 11:10,기타|흡연,야외,서울시 동작구 노량진동,실외,친밀한 관계|다혜,/,/,/,예,보통,높음,보통,보통
2018-04-20 11:10,2018-04-20 12:00,공부,기타|독서실,서울시 동작구 노량진동,실내,혼자,/,/,/,예,부정,높음,보통,보통
2018-04-20 12:00,2018-04-20 12:10,이동,야외,서울시 동작구 노량진동,실외,친밀한 관계|다혜,/,/,/,예,긍정,높음,보통,보통
2018-04-20 12:10,2018-04-20 13:00,식사,식당,서울시 동작구 노량진동,실내,친밀한 관계|다혜,양식|피자,적음,점심,아니오,긍정,높음,보통,보통
2018-04-20 13:00,2018-04-20 13:10,이동,야외,서울시 동작구 노량진동,실외,친밀한 관계|다혜,/,/,/,아니오,긍정,높음,보통,보통
2018-04-20 13:10,2018-04-20 13:20,기타|흡연,야외,서울시 동작구 노량진동,실외,친밀한 관계|다혜,/,/,/,아니오,긍정,높음,보통,보통
2018-04-20 13:20,2018-04-20 14:00,사교,카페|스타벅스,서울시 동작구 노량진동,실내,친밀한 관계|다혜,기타|커피,매우 적음,간식,아니오,긍정,높음,보통,보통
2018-04-20 14:00,2018-04-20 14:10,이동,야외,서울시 동작구 노량진동,실외,친밀한 관계|다혜,/,/,/,아니오,긍정,높음,보통,보통
2018-04-20 14:10,2018-04-20 15:00,공부,기타|독서실,서울시 동작구 노량진동,실내,혼자,/,/,/,아니오,부정,보통,보통,보통
2018-04-20 15:00,2018-04-20 15:10,기타|흡연,야외,서울시 동작구 노량진동,실외,혼자,/,/,/,아니오,보통,보통,보통,보통
2018-04-20 15:10,2018-04-20 16:00,공부,기타|독서실,서울시 동작구 노량진동,실내,혼자,/,/,/,아니오,부정,보통,보통,보통
2018-04-20 16:00,2018-04-20 17:15,공부,기타|독서실,서울시 동작구 노량진동,실내,혼자,/,/,/,아니오,부정,보통,보통,보통
2018-04-20 17:15,2018-04-20 17:30,이동,야외,서울시 동작구 노량진동,실외,혼자,/,/,/,아니오,부정,보통,보통,보통
2018-04-20 17:30,2018-04-20 19:00,사교|스터디,카페|스터디카페,서울시 동작구 노량진동,실내,친밀한 관계|문형,기타|커피,매우 적음,간식,예,긍정,보통,보통,보통
2018-04-20 19:00,2018-04-20 19:10,이동,야외,서울시 동작구 노량진동,실외,친밀한 관계|문형,/,/,/,예,긍정,보통,보통,보통
2018-04-20 19:10,2018-04-20 20:00,식사,식당,서울시 동작구 노량진동,실내,친밀한 관계|문형,중식|마라탕,적음,저녁,아니오,긍정,낮음,보통,보통
2018-04-20 20:00,2018-04-20 20:10,이동,야외,서울시 동작구 노량진동,실외,혼자,/,/,/,아니오,부정,낮음,보통,보통
2018-04-20 20:10,2018-04-20 20:20,기타|흡연,야외,서울시 동작구 노량진동,실외,혼자,/,/,/,아니오,보통,낮음,보통,보통
2018-04-20 20:20,2018-04-20 21:00,공부,기타|독서실,서울시 동작구 노량진동,실내,혼자,/,/,/,아니오,부정,낮음,보통,보통
2018-04-20 21:00,2018-04-20 21:10,기타|흡연,야외,서울시 동작구 노량진동,실외,친밀한 관계|다혜,/,/,/,아니오,보통,낮음,보통,보통
2018-04-20 21:10,2018-04-20 22:00,공부,기타|독서실,서울시 동작구 노량진동,실내,혼자,/,/,/,아니오,부정,낮음,보통,보통
2018-04-20 22:00,2018-04-20 22:10,기타|흡연,야외,서울시 동작구 노량진동,실외,혼자,/,/,/,아니오,보통,낮음,보통,보통
2018-04-20 22:10,2018-04-20 23:00,공부,기타|독서실,서울시 동작구 노량진동,실내,혼자,/,/,/,아니오,부정,높음,보통,보통
2018-04-20 23:00,2018-04-20 23:10,이동,야외,서울시 동작구 노량진동,실외,혼자,/,/,/,아니오,부정,높음,보통,보통
2018-04-20 23:10,2018-04-20 23:59,수동적 여가|게임,집,서울시 동작구 노량진동,실내,혼자,/,/,/,아니오,긍정,높음,보통,보통