start_time,end_time,activity,place,address,location,person,food,amount_of_food,meal_type,hunger,emotion,tiredness,temperature,humidity
2018-10-15 0:00,2018-10-15 3:10,업무|아르바이트,상점|편의점,경기도 연천군 전곡읍,실내,혼자,/,/,/,아니오,매우 부정,매우 높음,보통,보통
2018-10-15 3:10,2018-10-15 3:40,식사,상점|편의점,경기도 연천군 전곡읍,실내,혼자,한식|라면,많음,야식,예,보통,높음,보통,보통
2018-10-15 3:40,2018-10-15 5:00,업무|아르바이트,상점|편의점,경기도 연천군 전곡읍,실내,혼자,/,/,/,아니오,보통,낮음,보통,보통
2018-10-15 5:00,2018-10-15 5:20,이동|걷기,야외,경기도 연천군 전곡읍,실외,혼자,/,/,/,아니오,보통,낮음,낮음,보통
2018-10-15 5:20,2018-10-15 8:20,수면,집,경기도 연천군 전곡읍,실내,혼자,/,/,/,아니오,보통,낮음,보통,보통
2018-10-15 8:20,2018-10-15 8:40,기타|등교준비,집,경기도 연천군 전곡읍,실내,혼자,/,/,/,아니오,매우 부정,매우 높음,보통,보통
2018-10-15 8:40,2018-10-15 9:00,이동|걷기,야외,경기도 연천군 전곡읍,실외,혼자,/,/,/,아니오,매우 부정,매우 높음,낮음,보통
2018-10-15 9:00,2018-10-15 12:50,수면,학교|교실,경기도 연천군 전곡읍,실내,혼자,/,/,/,아니오,부정,높음,보통,보통
2018-10-15 12:50,2018-10-15 12:54,이동|걷기,학교|급식실,경기도 연천군 전곡읍,실내,친밀한 관계|친구들,/,/,/,예,보통,낮음,보통,보통
2018-10-15 12:54,2018-10-15 13:10,식사,학교|급식실,경기도 연천군 전곡읍,실내,친밀한 관계|친구들,한식|비빔밥,적음,점심,예,긍정,낮음,보통,보통
2018-10-15 13:10,2018-10-15 13:13,이동|걷기,학교|운동장,경기도 연천군 전곡읍,실외,친밀한 관계|친구들,/,/,/,예,매우 긍정,매우 낮음,보통,보통
2018-10-15 13:13,2018-10-15 13:38,능동적 여가|축구,학교|운동장,경기도 연천군 전곡읍,실외,친밀한 관계|친구들,/,/,/,예,매우 긍정,매우 낮음,보통,보통
2018-10-15 13:38,2018-10-15 13:40,이동|걷기,학교|운동장,경기도 연천군 전곡읍,실외,친밀한 관계|친구들,/,/,/,예,매우 긍정,매우 낮음,높음,보통
2018-10-15 13:40,2018-10-15 14:30,수동적 여가|유튜브시청,학교|교실,경기도 연천군 전곡읍,실내,친밀한 관계|인직,/,/,/,예,매우 긍정,낮음,보통,보통
2018-10-15 14:30,2018-10-15 14:32,이동|걷기,학교|운동장,경기도 연천군 전곡읍,실외,친밀한 관계|인직,/,/,/,예,매우 긍정,낮음,보통,보통
2018-10-15 14:32,2018-10-15 14:37,능동적 여가|축구,학교|운동장,경기도 연천군 전곡읍,실외,친밀한 관계|인직,/,/,/,예,매우 긍정,낮음,높음,보통
2018-10-15 14:37,2018-10-15 14:40,이동|걷기,학교|운동장,경기도 연천군 전곡읍,실외,친밀한 관계|인직,/,/,/,예,매우 긍정,낮음,높음,보통
2018-10-15 14:40,2018-10-15 15:30,공부|국어,학교|교실,경기도 연천군 전곡읍,실내,혼자,/,/,/,예,매우 부정,높음,보통,보통
2018-10-15 15:30,2018-10-15 15:37,사교|수다,학교|교실,경기도 연천군 전곡읍,실내,친밀한 관계|친구들,/,/,/,예,긍정,낮음,보통,보통
2018-10-15 15:37,2018-10-15 15:40,이동|걷기,학교|교실,경기도 연천군 전곡읍,실내,친밀한 관계|친구들,/,/,/,예,긍정,낮음,보통,보통
2018-10-15 15:40,2018-10-15 16:30,공부|미술,학교|미술실,경기도 연천군 전곡읍,실내,친밀한 관계|유람,/,/,/,예,긍정,낮음,보통,보통
2018-10-15 16:30,2018-10-15 16:33,이동|걷기,학교|미술실,경기도 연천군 전곡읍,실내,친밀한 관계|친구들,/,/,/,예,긍정,낮음,보통,보통
2018-10-15 16:33,2018-10-15 16:50,청소,학교|교실,경기도 연천군 전곡읍,실내,혼자,/,/,/,예,긍정,낮음,보통,보통
2018-10-15 16:50,2018-10-15 16:53,이동|걷기,학교|교실,경기도 연천군 전곡읍,실내,친밀한 관계|인직,/,/,/,예,긍정,낮음,보통,보통
2018-10-15 16:53,2018-10-15 17:00,사교|수다,학교|운동장,경기도 연천군 전곡읍,실외,친밀한 관계|친구들,/,/,/,예,긍정,낮음,보통,보통
2018-10-15 17:00,2018-10-15 18:30,능동적 여가|축구,학교|운동장,경기도 연천군 전곡읍,실외,친밀한 관계|친구들,/,/,/,예,매우 긍정,낮음,보통,보통
2018-10-15 18:30,2018-10-15 18:50,이동|걷기,야외,경기도 연천군 전곡읍,실외,친밀한 관계|인직,/,/,/,예,매우 긍정,높음,보통,보통
2018-10-15 18:50,2018-10-15 19:10,식사,식당|돈가스집,경기도 연천군 전곡읍,실내,친밀한 관계|인직,한식|돈가스,많음,저녁,아니오,긍정,높음,보통,보통
2018-10-15 19:10,2018-10-15 19:20,이동|걷기,야외,경기도 연천군 전곡읍,실외,혼자,/,/,/,아니오,긍정,높음,낮음,보통
2018-10-15 19:20,2018-10-15 20:10,능동적 여가|노래,기타|노래방,경기도 연천군 전곡읍,실내,친밀한 관계|준영,/,/,/,아니오,긍정,높음,보통,보통
2018-10-15 20:10,2018-10-15 20:30,이동|걷기,야외,경기도 연천군 전곡읍,실외,혼자,/,/,/,아니오,긍정,높음,낮음,보통
2018-10-15 20:30,2018-10-15 21:00,기타|샤워,집|화장실,경기도 연천군 전곡읍,실내,혼자,/,/,/,아니오,긍정,높음,보통,보통
2018-10-15 21:00,2018-10-15 23:00,능동적 여가|게임,집,경기도 연천군 전곡읍,실내,친밀한 관계|상혁,/,/,/,아니오,긍정,높음,보통,보통
2018-10-15 23:00,2018-10-15 0:00,수면,집,경기도 연천군 전곡읍,실내,혼자,/,/,/,아니오,긍정,높음,보통,보통