start_time,end_time,activity,place,address,location,person,food,amount_of_food,meal_type,hunger,emotion,tiredness,temperature,humidity
2018-09-24 0:00,2018-09-24 5:30,수면,집|부모님집,대전시 중구 용두동,실내,혼자,/,/,/,아니오,보통,높음,높음,높음
2018-09-24 5:30,2018-09-24 5:40,기타|이불개기,집|부모님집,대전시 중구 용두동,실내,혼자,/,/,/,아니오,보통,높음,높음,높음
2018-09-24 5:40,2018-09-24 6:00,기타|씻기,집|부모님집,대전시 중구 용두동,실내,혼자,/,/,/,예,보통,높음,높음,높음
2018-09-24 6:00,2018-09-24 6:20,청소|마당쓸기,야외,대전시 중구 용두동,실외,혼자,/,/,/,예,보통,높음,높음,높음
2018-09-24 6:20,2018-09-24 7:00,기타|제사준비,집|부모님집,대전시 중구 용두동,실내,친밀한 사람|부모님,/,/,/,예,보통,높음,높음,높음
2018-09-24 7:00,2018-09-24 8:00,기타|제사준비,집|부모님집,대전시 중구 용두동,실내,친밀한 사람|부모님,/,/,/,예,보통,높음,높음,높음
2018-09-24 8:00,2018-09-24 8:30,식사,집|부모님집,대전시 중구 용두동,실내,친밀한 사람|부모님,한식|제삿밥,많음,아침,예,부정,매우 높음,높음,높음
2018-09-24 8:30,2018-09-24 8:50,식사,집|부모님집,대전시 중구 용두동,실내,친밀한 사람|부모님,기타|과일,적음,간식,아니오,부정,매우 높음,높음,높음
2018-09-24 8:50,2018-09-24 10:00,이동,기타|차,대전시 중구 용두동,실외,친밀한 사람|부모님,/,/,/,아니오,보통,높음,매우 높음,높음
2018-09-24 10:00,2018-09-24 11:00,기타|성묘,기타|산,예산군 광시면 구례리,실외,친밀한 사람|부모님,/,/,/,아니오,보통,매우 높음,매우 높음,높음
2018-09-24 11:00,2018-09-24 11:10,이동,기타|차,예산군 광시면 구례리,실외,친밀한 사람|부모님,/,/,/,아니오,보통,높음,매우 높음,높음
2018-09-24 11:10,2018-09-24 11:50,식사,식당|정육식당,예산군 광시면 구례리,실내,친밀한 사람|부모님,한식|갈비탕,적음,점심,아니오,보통,매우 높음,매우 높음,높음
2018-09-24 11:50,2018-09-24 13:20,이동,기타|차,예산군 광시면 구례리,실외,친밀한 사람|부모님,/,/,/,아니오,부정,높음,매우 높음,높음
2018-09-24 13:20,2018-09-24 14:00,기타|휴식,집|부모님집,대전시 중구 용두동,실내,혼자,/,/,/,아니오,부정,높음,높음,높음
2018-09-24 14:00,2018-09-24 14:30,업무|주식투자,집|부모님집,대전시 중구 용두동,실내,혼자,/,/,/,아니오,부정,높음,높음,높음
2018-09-24 14:30,2018-09-24 14:40,이동,야외,대전시 중구 용두동,실외,혼자,/,/,/,아니오,보통,매우 높음,높음,높음
2018-09-24 14:40,2018-09-24 17:00,능동적 여가|게임(롤),기타|피시방,대전시 중구 용두동,실내,혼자,/,/,/,아니오,부정,높음,높음,높음
2018-09-24 17:00,2018-09-24 17:10,이동,야외,대전시 중구 용두동,실외,혼자,/,/,/,아니오,부정,높음,높음,높음
2018-09-24 17:10,2018-09-24 17:20,기타|심부름,상점,대전시 중구 용두동,실내,혼자,/,/,/,아니오,부정,높음,높음,높음
2018-09-24 17:20,2018-09-24 17:30,이동,야외,대전시 중구 용두동,실외,혼자,/,/,/,아니오,보통,매우 높음,높음,높음
2018-09-24 17:30,2018-09-24 18:10,기타|요리,집|부모님집,대전시 중구 용두동,실내,혼자,/,/,/,아니오,보통,높음,높음,높음
2018-09-24 18:10,2018-09-24 18:20,청소,집|부모님집,대전시 중구 용두동,실내,혼자,/,/,/,예,보통,매우 높음,높음,높음
2018-09-24 18:20,2018-09-24 18:50,식사,집|부모님집,대전시 중구 용두동,실내,친밀한 사람|부모님,한식|집밥,매우 많음,저녁,예,보통,매우 높음,높음,높음
2018-09-24 18:50,2018-09-24 19:30,기타|개산책,공원,대전시 중구 용두동,실외,혼자,/,/,/,아니오,보통,매우 높음,높음,높음
2018-09-24 19:30,2018-09-24 20:20,업무|주식투자,집|부모님집,대전시 중구 용두동,실내,혼자,/,/,/,아니오,부정,매우 높음,높음,높음
2018-09-24 20:20,2018-09-24 22:00,능동적 여가|커뮤니티활동,집|부모님집,대전시 중구 용두동,실내,혼자,/,/,/,아니오,부정,높음,높음,높음
2018-09-24 22:00,2018-09-24 22:10,이동,야외,대전시 중구 용두동,실외,혼자,/,/,/,아니오,부정,높음,높음,높음
2018-09-24 22:10,2018-09-24 22:20,기타|심부름,상점,대전시 중구 용두동,실내,혼자,/,/,/,아니오,보통,높음,높음,높음
2018-09-24 22:20,2018-09-24 22:30,이동,야외,대전시 중구 용두동,실외,혼자,/,/,/,아니오,부정,매우 높음,높음,높음
2018-09-24 22:30,2018-09-24 23:30,사교|술자리,집|부모님집,대전시 중구 용두동,실내,친밀한 사람|부모님,한식|제사음식,적음,간식,아니오,부정,매우 높음,높음,높음
2018-09-24 23:30,2018-09-24 23:40,기타|샤워,집|부모님집,대전시 중구 용두동,실내,혼자,/,/,/,아니오,부정,매우 높음,높음,높음
2018-09-24 23:40,2018-09-24 23:59,수동적 여가|TV시청,집|부모님집,대전시 중구 용두동,실내,친밀한 사람|부모님,/,/,/,아니오,부정,매우 높음,높음,높음
