﻿start_time,end_time,activity,place,address,location,person,food,amount_of_food,meal_type,hunger,emotion,tiredness,temperature,humidity
2018-09-02 0:00,2018-09-02 6:00,수면,집,서울시 동작구 사당동,실내,혼자,/,/,/,아니오,보통,낮음,낮음,높음
2018-09-02 6:00,2018-09-02 6:10,능동적 여가|스트레칭,집,서울시 동작구 사당동,실내,혼자,/,/,/,아니오,긍정,낮음,낮음,보통
2018-09-02 6:10,2018-09-02 6:30,이동,기타|자차,서울시 동작구 사당동,실외,혼자,/,/,/,아니오,긍정,낮음,낮음,보통
2018-09-02 6:30,2018-09-02 7:20,야외활동|조깅,공원|서리풀공원,서울시 서초구 서초동,실외,혼자,/,/,/,아니오,긍정,낮음,낮음,보통
2018-09-02 7:20,2018-09-02 7:30,기타|음료수구매,기타|편의점,서울시 서초구 서초동,실내,혼자,기타|음료수,적음,기타,아니오,긍정,높음,낮음,높음
2018-09-02 7:30,2018-09-02 7:40,야외활동|휴식,공원|서리풀공원,서울시 서초구 서초동,실외,혼자,/,/,/,아니오,매우 긍정,높음,낮음,높음
2018-09-02 7:40,2018-09-02 8:00,이동,기타|자차,서울시 서초구 서초동,실외,혼자,/,/,/,예,매우 긍정,높음,낮음,높음
2018-09-02 8:00,2018-09-02 8:15,기타|샤워,집,서울시 동작구 사당동,실내,혼자,/,/,/,예,매우 긍정,높음,낮음,높음
2018-09-02 8:15,2018-09-02 8:40,식사,집,서울시 동작구 사당동,실내,친밀한 관계|가족,한식|떡갈비정식,많음,아침,예,매우 긍정,낮음,보통,보통
2018-09-02 8:40,2018-09-02 9:00,이동,기타|자차,서울시 동작구 사당동,실외,친밀한 관계|가족,/,/,/,아니오,긍정,낮음,보통,보통
2018-09-02 9:00,2018-09-02 9:50,기타|예배,기타|온누리교회,서울시 서초구 양재동,실내,친밀한 관계|가족,/,/,/,아니오,긍정,낮음,보통,보통
2018-09-02 9:50,2018-09-02 10:00,이동,기타|온누리교회,서울시 서초구 양재동,실내,혼자,/,/,/,아니오,긍정,낮음,보통,낮음
2018-09-02 10:00,2018-09-02 12:00,기타|목사님제자수업,기타|온누리교회,서울시 서초구 양재동,실내,친밀한 관계|제자반수업동기들,/,/,/,아니오,매우 긍정,낮음,보통,낮음
2018-09-02 13:00,2018-09-02 13:50,식사,기타|온누리교회,서울시 서초구 양재동,실내,친밀한 관계|제자반수업동기들,한식|순두부찌개,많음,점심,예,긍정,높음,높음,매우 낮음
2018-09-02 13:50,2018-09-02 14:30,봉사|설거지및청소,기타|온누리교회,서울시 서초구 양재동,실내,친밀한 관계|제자반수업동기들,/,/,/,아니오,긍정,높음,높음,매우 낮음
2018-09-02 14:30,2018-09-02 15:00,야외활동|산책,기타|양재천,서울시 서초구 양재동,실외,친밀한 관계|제자반수업동기들,/,/,/,아니오,매우 긍정,낮음,매우 높음,매우 낮음
2018-09-02 15:00,2018-09-02 15:30,이동,기타|자차,서울시 서초구 양재동,실외,친밀한 관계|가족,/,/,/,아니오,긍정,높음,매우 높음,매우 낮음
2018-09-02 15:30,2018-09-02 15:50,이동,기타|자차,서울시 동작구 사당동,실외,혼자,/,/,/,아니오,보통,높음,매우 높음,매우 낮음
2018-09-02 15:50,2018-09-02 16:00,기타|대학동기와통화,기타|자차,서울시 동작구 사당동,실외,혼자,/,/,/,아니오,긍정,높음,매우 높음,
2018-09-02 16:00,2018-09-02 18:00,사교|독서모임,카페,서울시 강남구 역삼동,실내,친밀한 관계|독서모임크루,양식|빵,적음,간식,아니오,긍정,낮음,높음,매우 낮음
2018-09-02 18:00,2018-09-02 19:00,식사,식당,서울시 강남구 역삼동,실내,친밀한 관계|독서모임크루,양식|파스타,많음,저녁,예,긍정,낮음,낮음,매우 낮음
2018-09-02 19:00,2018-09-02 19:30,이동,기타|자차,서울시 강남구 역삼동,실외,혼자,/,/,/,아니오,보통,높음,낮음,낮음
2018-09-02 19:30,2018-09-02 19:40,수동적 여가|TV보기,집,서울시 동작구 사당동,실내,혼자,/,/,/,아니오,보통,높음,낮음,
2018-09-02 19:40,2018-09-02 20:00,야외활동|딸과자전거타기,학교|남사초등학교,서울시 동작구 사당동,실외,친밀한 관계|딸,/,/,/,아니오,긍정,높음,낮음,낮음
2018-09-02 20:00,2018-09-02 20:20,기타|샤워,집,서울시 동작구 사당동,실내,혼자,/,/,/,아니오,긍정,높음,낮음,낮음
2018-09-02 20:20,2018-09-02 21:10,기타|딸재우기,집,서울시 동작구 사당동,실내,친밀한 관계|가족,/,/,/,아니오,긍정,높음,낮음,낮음
2018-09-02 21:10,2018-09-02 21:20,업무,집,서울시 동작구 사당동,실내,혼자,/,/,/,아니오,보통,높음,낮음,낮음
2018-09-02 21:20,2018-09-02 21:40,업무|전화미팅,집,서울시 동작구 사당동,실내,친밀한 관계|부사장,/,/,/,아니오,보통,높음,낮음,
2018-09-02 21:40,2018-09-02 21:50,기타|부모님과통화,집,서울시 동작구 사당동,실내,혼자,/,/,/,아니오,보통,높음,낮음,낮음
2018-09-02 21:50,2018-09-02 22:00,청소|쓰레기버리기,집,서울시 동작구 사당동,실외,혼자,/,/,/,아니오,보통,높음,낮음,낮음
2018-09-02 22:00,2018-09-02 22:10,기타|차마시기,집,서울시 동작구 사당동,실내,친밀한 관계|아내,기타|캐모마일차,매우 적음,기타,아니오,긍정,높음,낮음,낮음
2018-09-02 22:10,2018-09-02 22:20,사교|대화,집,서울시 동작구 사당동,실내,친밀한 관계|아내,/,/,/,아니오,긍정,높음,낮음,
2018-09-02 22:20,2018-09-02 22:40,능동적 여가|부부관계,집,서울시 동작구 사당동,실내,친밀한 관계|아내,/,/,/,아니오,매우 긍정,높음,낮음,낮음
2018-09-02 22:40,2018-09-02 23:59,수면,집,서울시 동작구 사당동,실내,친밀한 관계|아내,/,/,/,아니오,긍정,높음,낮음,낮음