﻿start_time,end_time,activity,place,address,location,person,food,amount_of_food,meal_type,hunger,emotion,tiredness,temperature,humidity
2018-09-03 0:00,2018-09-03 5:00,수면,집,서울시 동작구 사당동,실내,친밀한 관계|아내,/,/,/,아니오,보통,높음,낮음,보통
2018-09-03 5:00,2018-09-03 5:10,능동적 여가|스트레칭,집,서울시 동작구 사당동,실내,혼자,/,/,/,아니오,보통,낮음,낮음,보통
2018-09-03 5:10,2018-09-03 6:00,수동적 여가|독서,집,서울시 동작구 사당동,실내,혼자,/,/,/,아니오,긍정,낮음,낮음,보통
2018-09-03 6:00,2018-09-03 6:30,식사,집,서울시 동작구 사당동,실내,혼자,한식|전복죽,많음,아침,예,보통,낮음,낮음,보통
2018-09-03 6:30,2018-09-03 7:00,이동,기타|자차,서울시 동작구 사당동,실외,혼자,/,/,/,아니오,부정,낮음,낮음,보통
2018-09-03 7:00,2018-09-03 7:30,기타|신문보기,사무실,서울시 강남구 역삼동,실내,혼자,기타|커피,매우 적음,기타,아니오,보통,낮음,낮음,보통
2018-09-03 7:30,2018-09-03 9:00,업무,사무실,서울시 강남구 역삼동,실내,혼자,/,/,/,아니오,보통,낮음,낮음,보통
2018-09-03 9:00,2018-09-03 10:00,업무|오전회의,사무실,서울시 강남구 역삼동,실내,친밀한 관계|팀장이상급,/,/,/,아니오,부정,낮음,보통,낮음
2018-09-03 10:00,2018-09-03 10:30,업무,사무실,서울시 강남구 역삼동,실내,혼자,/,/,/,아니오,보통,낮음,보통,낮음
2018-09-03 10:30,2018-09-03 11:00,업무|미팅,사무실,서울시 강남구 역삼동,실내,친밀한 관계|부사장,/,/,/,아니오,보통,낮음,보통,낮음
2018-09-03 11:00,2018-09-03 11:30,업무|미팅,사무실,서울시 강남구 역삼동,실내,친밀한 관계|마케팅팀장,/,/,/,아니오,보통,낮음,보통,낮음
2018-09-03 11:30,2018-09-03 12:00,업무,사무실,서울시 강남구 역삼동,실내,혼자,/,/,/,아니오,부정,낮음,보통,낮음
2018-09-03 12:00,2018-09-03 13:00,식사,식당,서울시 강남구 역삼동,실내,친밀한 관계|부사장,한식|순두부찌개,많음,점심,예,부정,낮음,매우 높음,낮음
2018-09-03 13:00,2018-09-03 14:00,업무,사무실,서울시 강남구 역삼동,실내,혼자,/,/,/,아니오,보통,높음,매우 높음,매우 낮음
2018-09-03 14:00,2018-09-03 15:00,업무|미팅,사무실,서울시 강남구 역삼동,실내,데면한 관계|거래처대표,/,/,/,아니오,보통,낮음,매우 높음,매우 낮음
2018-09-03 15:00,2018-09-03 16:00,업무,사무실,서울시 강남구 역삼동,실내,혼자,/,/,/,아니오,부정,낮음,높음,매우 낮음
2018-09-03 16:00,2018-09-03 17:00,업무|신규직원면접,사무실,서울시 강남구 역삼동,실내,데면한 관계|입사지원자,/,/,/,아니오,보통,낮음,높음,낮음
2018-09-03 17:00,2018-09-03 18:00,업무|회의,사무실,서울시 강남구 역삼동,실내,친밀한 관계|마케팅팀장,/,/,/,아니오,보통,낮음,보통,보통
2018-09-03 18:00,2018-09-03 18:30,업무,사무실,서울시 강남구 역삼동,실내,혼자,/,/,/,예,부정,높음,보통,보통
2018-09-03 18:30,2018-09-03 19:00,이동,기타|자차,서울시 강남구 역삼동,실외,혼자,/,/,/,예,부정,높음,보통,보통
2018-09-03 19:00,2018-09-03 20:00,업무|미팅,식당,서울시 강남구 삼성동,실내,데면한 관계|투자자,일식|스시,매우 많음,저녁,예,보통,낮음,낮음,보통
2018-09-03 20:00,2018-09-03 20:40,이동,기타|자차,서울시 강남구 역삼동,실외,데면한 관계|대리운전기사,/,/,/,아니오,긍정,높음,낮음,낮음
2018-09-03 20:40,2018-09-03 21:00,기타|샤워,집,서울시 동작구 사당동,실내,혼자,/,/,/,아니오,긍정,높음,낮음,낮음
2018-09-03 21:00,2018-09-03 21:30,수동적 여가|가족과대화,집,서울시 동작구 사당동,실내,친밀한 관계|가족,기타|과일,적음,간식,아니오,매우 긍정,높음,낮음,낮음
2018-09-03 21:30,2018-09-03 22:00,업무,집,서울시 동작구 사당동,실내,혼자,/,/,/,아니오,보통,높음,낮음,낮음
2018-09-03 22:00,2018-09-03 22:15,기타|친구와통화,집,서울시 동작구 사당동,실내,혼자,/,/,/,아니오,보통,높음,낮음,보통
2018-09-03 22:15,2018-09-03 22:30,능동적 여가|요가,집,서울시 동작구 사당동,실내,혼자,/,/,/,아니오,긍정,높음,낮음,보통
2018-09-03 22:30,2018-09-03 22:45,기타|딸재우기,집,서울시 동작구 사당동,실내,친밀한 관계|딸,/,/,/,아니오,보통,높음,낮음,보통
2018-09-03 22:45,2018-09-03 22:55,기타|경비실택배찾아오기,집,서울시 동작구 사당동,실외,혼자,/,/,/,아니오,보통,높음,낮음,보통
2018-09-03 22:55,2018-09-03 23:05,사교|대화,집,서울시 동작구 사당동,실내,친밀한 관계|아내,/,/,/,예,보통,높음,낮음,보통
2018-09-03 23:05,2018-09-03 23:15,수동적 여가|독서,집,서울시 동작구 사당동,실내,혼자,/,/,/,예,보통,높음,낮음,보통
2018-09-03 23:15,2018-09-03 23:35,업무,집,서울시 동작구 사당동,실내,혼자,/,/,/,예,보통,높음,낮음,낮음
2018-09-03 23:35,2018-09-03 23:55,수동적 여가|TV보기,집,서울시 동작구 사당동,실내,혼자,/,/,/,예,보통,높음,낮음,낮음
2018-09-03 23:55,2018-09-03 23:59,수면,집,서울시 동작구 사당동,실내,친밀한 관계|아내,/,/,/,예,긍정,높음,낮음,낮음