start_time,end_time,activity,place,address,location,person,food,amount_of_food,meal_type,hunger,emotion,tiredness,temperature,humidity
2018-09-23 0:00,2018-09-23 0:34,수동적 여가|TV시청,집,서울특별시 도봉구 쌍문동,실내,친밀한 관계|박정자,/,/,/,예,보통,높음,낮음,보통
2018-09-23 0:34,2018-09-23 1:10,식사,집,서울특별시 도봉구 쌍문동,실내,혼자,기타|치토스,보통,간식,예,보통,높음,낮음,보통
2018-09-23 1:10,2018-09-23 1:54,수동적 여가|독서,집,서울특별시 도봉구 쌍문동,실내,혼자,/,/,/,아니오,긍정,매우 높음,낮음,보통
2018-09-23 1:54,2018-09-23 6:00,수면,집,서울특별시 도봉구 쌍문동,실내,친밀한 관계|박정자,/,/,/,아니오,매우 긍정,매우 높음,낮음,보통
2018-09-23 6:00,2018-09-23 6:15,기타|샤워,집,서울특별시 도봉구 쌍문동,실내,혼자,/,/,/,예,긍정,낮음,낮음,보통
2018-09-23 6:15,2018-09-23 6:45,식사,집,서울특별시 도봉구 쌍문동,실내,혼자,기타|시리얼,많음,아침,아니오,부정,높음,낮음,보통
2018-09-23 6:45,2018-09-23 6:54,이동|도보,야외,서울특별시 도봉구 쌍문동,실외,혼자,/,/,/,아니오,부정,높음,낮음,보통
2018-09-23 6:54,2018-09-23 7:31,이동|버스,대중교통|버스,서울특별시 도봉구 쌍문동,실외,혼자,/,/,/,아니오,매우 부정,매우 높음,낮음,보통
2018-09-23 7:31,2018-09-23 7:31,이동|도보,야외,서울특별시 서대문구 창천동,실외,혼자,/,/,/,아니오,부정,높음,낮음,보통
2018-09-23 7:31,2018-09-23 8:25,기타|병원,기타|세브란스병원,서울특별시 서대문구 창천동,실내,혼자,/,/,/,아니오,매우 부정,매우 높음,보통,보통
2018-09-23 8:25,2018-09-23 8:41,이동|도보,야외,서울특별시 서대문구 창천동,실외,혼자,/,/,/,아니오,부정,높음,보통,보통
2018-09-23 8:41,2018-09-23 9:10,이동|지하철,대중교통|지하철,서울특별시 서대문구 창천동,실내,혼자,/,/,/,아니오,매우 부정,매우 높음,보통,보통
2018-09-23 9:10,2018-09-23 9:21,이동|도보,야외,서울특별시 중구 소공동,실외,혼자,/,/,/,아니오,부정,높음,높음,보통
2018-09-23 9:21,2018-09-23 9:50,사교,사무실,서울특별시 중구 소공동,실내,친밀한 관계|차장,/,/,/,예,매우 부정,매우 높음,높음,보통
2018-09-23 9:50,2018-09-23 10:23,산책,야외,서울특별시 중구 소공동,실외,혼자,/,/,/,예,매우 긍정,매우 낮음,높음,보통
2018-09-23 10:23,2018-09-23 10:36,이동|도보,야외,서울특별시 중구 소공동,실외,혼자,/,/,/,예,매우긍정,매우 낮음,높음,보통
2018-09-23 10:36,2018-09-23 11:22,이동|버스,대중교통|버스,서울특별시 중구 소공동,실외,혼자,/,/,/,예,긍정,높음,높음,보통
2018-09-23 11:22,2018-09-23 11:43,이동|도보,야외,서울특별시 용산구 한강로2가,실외,혼자,/,/,/,예,긍정,높음,높음,보통
2018-09-23 11:43,2018-09-23 12:34,식사,식당|버거킹,서울특별시 용산구 한강로2가,실내,혼자,기타|햄버거,많음,점심,예,매우 긍정,높음,보통,보통
2018-09-23 12:34,2018-09-23 12:50,이동|도보,야외,서울특별시 용산구 한강로2가,실외,혼자,/,/,/,아니오,긍정,높음,보통,보통
2018-09-23 12:50,2018-09-23 13:56,기타|쇼핑,상점|용산상가,서울특별시 용산구 한강로2가,실내,데면한 관계|용팔이,/,/,/,아니오,매우 부정,매우 높음,보통,보통
2018-09-23 13:56,2018-09-23 14:07,이동|도보,기타|주차장,서울특별시 용산구 한강로2가,실내,데면한 관계|용팔이,/,/,/,아니오,매우 부정,매우 높음,보통,보통
2018-09-23 14:07,2018-09-23 14:27,사교,기타|주차장,서울특별시 용산구 한강로2가,실내,데면한 관계|용팔이,/,/,/,예,매우 부정,매우 높음,보통,보통
2018-09-23 14:27,2018-09-23 14:42,이동|경찰차,대중교통|경찰차,서울특별시 용산구 한강로2가,실내,데면한 관계|용팔이,/,/,/,예,긍정,낮음,보통,보통
2018-09-23 14:42,2018-09-23 17:42,사교,기타|경찰소,서울특별시 용산구 원효로89길,실내,데면한 관계|용팔이,/,/,/,예,긍정,낮음,보통,보통
2018-09-23 17:42,2018-09-23 18:24,식사,기타|경찰소,서울특별시 용산구 원효로89길,실내,혼자,한식|순대국밥,많음,저녁,예,매우 긍정,매우 낮음,낮음,보통
2018-09-23 18:24,2018-09-23 18:45,이동|도보,야외,서울특별시 용산구 원효로89길,실외,혼자,/,/,/,아니오,부정,높음,낮음,보통
2018-09-23 18:45,2018-09-23 19:35,이동|지하철,대중교통|지하철,서울특별시 용산구 원효로89길,실내,혼자,/,/,/,아니오,보통,높음,낮음,보통
2018-09-23 19:35,2018-09-23 19:54,이동|도보,야외,서울특별시 도봉구 쌍문동,실외,혼자,/,/,/,아니오,부정,매우 높음,낮음,보통
2018-09-23 19:54,2018-09-23 20:34,식사,집,서울특별시 도봉구 쌍문동,실내,친밀한 관계|박정자,한식|삼겹살,보통,간식,아니오,매우 긍정,매우 높음,낮음,보통
2018-09-23 20:34,2018-09-23 22:11,능동적 여가|레슬링,집,서울특별시 도봉구 쌍문동,실내,친밀한 관계|박정자,/,/,/,아니오,매우 긍정,낮음,낮음,보통
2018-09-23 22:11,2018-09-23 23:59,수면,집,서울특별시 도봉구 쌍문동,실내,친밀한 관계|박정자,/,/,/,아니오,매우 긍정,낮음,낮음,보통
