start_time,end_time,activity,place,address,location,person,food,amount_of_food,meal_type,hunger,emotion,tiredness,temperature,humidity
2018-09-11 0:00,2018-09-11 1:30,수동적 여가|TV시청,집,서울특별시 도봉구 쌍문동,실내,친밀한 관계|박정자,/,/,/,예,보통,높음,낮음,보통
2018-09-11 1:30,2018-09-11 3:30,수면,집,서울특별시 도봉구 쌍문동,실내,친밀한 관계|박정자,/,/,/,예,보통,높음,낮음,보통
2018-09-11 3:30,2018-09-11 3:40,식사,집,서울특별시 도봉구 쌍문동,실내,혼자,기타|커피,보통,기타,예,긍정,낮음,낮음,보통
2018-09-11 3:40,2018-09-11 3:50,기타|샤워,집,서울특별시 도봉구 쌍문동,실내,혼자,/,/,/,예,보통,낮음,낮음,보통
2018-09-11 3:50,2018-09-11 4:20,식사,집,서울특별시 도봉구 쌍문동,실내,혼자,한식|묵밥,많음,아침,예,보통,낮음,낮음,보통
2018-09-11 4:20,2018-09-11 4:40,청소,집,서울특별시 도봉구 쌍문동,실내,혼자,/,/,/,아니오,보통,낮음,낮음,보통
2018-09-11 4:40,2018-09-11 5:20,수동적 여가|음악 감상,집,서울특별시 도봉구 쌍문동,실내,혼자,/,/,/,아니오,긍정,낮음,낮음,보통
2018-09-11 5:20,2018-09-11 5:30,기타|샤워,집,서울특별시 도봉구 쌍문동,실내,혼자,/,/,/,아니오,긍정,낮음,낮음,보통
2018-09-11 5:30,2018-09-11 6:30,이동|지하철,대중교통|지하철,서울특별시 중구 소공동,실내,혼자,/,/,/,아니오,부정,높음,보통,보통
2018-09-11 6:30,2018-09-11 6:50,청소,사무실,서울특별시 중구 소공동,실내,혼자,/,/,/,아니오,부정,높음,보통,보통
2018-09-11 6:50,2018-09-11 10:30,업무,사무실,서울특별시 중구 소공동,실내,혼자,/,/,/,아니오,매우 부정,높음,보통,보통
2018-09-11 10:30,2018-09-11 11:30,이동|지하철,대중교통|지하철,서울특별시 중구 소공동,실내,혼자,/,/,/,아니오,매우 긍정,매우 높음,보통,보통
2018-09-11 11:30,2018-09-11 15:30,수면,집,서울특별시 도봉구 쌍문동,실내,혼자,/,/,/,예,매우 긍정,매우 낮음,높음,보통
2018-09-11 15:30,2018-09-11 16:00,식사,집,서울특별시 도봉구 쌍문동,실내,친밀한 관계|박정자,한식|떡볶이,많음,점심,예,긍정,매우 낮음,높음,보통
2018-09-11 16:00,2018-09-11 16:20,기타|샤워,집,서울특별시 도봉구 쌍문동,실내,혼자,/,/,/,아니오,긍정,매우 낮음,높음,보통
2018-09-11 16:20,2018-09-11 17:00,능동적 여가|독서,집,서울특별시 도봉구 쌍문동,실내,혼자,/,/,/,아니오,긍정,낮음,높음,보통
2018-09-11 17:00,2018-09-11 17:50,청소,집,서울특별시 도봉구 쌍문동,실내,혼자,/,/,/,예,긍정,낮음,높음,보통
2018-09-11 17:50,2018-09-11 18:15,이동|도보,야외,서울특별시 서대문구 창천동,실외,혼자,/,/,/,예,매우 긍정,낮음,보통,보통
2018-09-11 18:15,2018-09-11 18:45,식사,식당|황소 곱창,서울특별시 서대문구 창천동,실외,친밀한 관계|신영식,한식|곱창,매우 많음,저녁,예,매우 긍정,매우 낮음,보통,보통
2018-09-11 18:45,2018-09-11 18:50,이동|도보,야외,서울특별시 서대문구 창천동,실외,친밀한 관계|신영식,/,/,/,아니오,매우 긍정,매우 낮음,보통,보통
2018-09-11 18:50,2018-09-11 19:50,능동적 여가|노래,기타|노래방,서울특별시 서대문구 창천동,실내,친밀한 관계|신영식,/,/,/,아니오,매우 긍정,낮음,보통,보통
2018-09-11 19:50,2018-09-11 19:55,이동,야외,서울특별시 서대문구 창천동,실외,친밀한 관계|신영식,/,/,/,아니오,긍정,높음,보통,보통
2018-09-11 19:55,2018-09-11 20:53,식사,식당|삼양양꼬치,서울특별시 서대문구 창천동,실외,친밀한 관계|신영식,중식|양꼬치,보통,간식,아니오,긍정,높음,보통,보통
2018-09-11 20:53,2018-09-11 21:20,이동,대중교통|지하철,서울특별시 서대문구 창천동,실외,혼자,/,/,/,아니오,부정,높음,보통,보통
2018-09-11 21:20,2018-09-11 21:30,청소,집,서울특별시 도봉구 쌍문동,실내,혼자,/,/,/,아니오,매우 부정,매우 높음,보통,보통
2018-09-11 21:30,2018-09-11 22:10,능동적 여가|산책,야외,서울특별시 도봉구 쌍문동,실외,혼자,/,/,/,아니오,부정,매우 높음,낮음,보통
2018-09-11 22:10,2018-09-11 22:40,식사,집,서울특별시 도봉구 쌍문동,실내,친밀한 관계|고철수,한식|불닭,보통,야식,아니오,보통,높음,낮음,보통
2018-09-11 22:40,2018-09-11 23:00,능동적 여가|화초 가꾸기,집,서울특별시 도봉구 쌍문동,실내,혼자,/,/,/,아니오,보통,높음,낮음,보통
2018-09-11 23:00,2018-09-11 23:10,능동적 여가|바둑,집,서울특별시 도봉구 쌍문동,실내,친밀한 관계|박정자,/,/,/,아니오,보통,높음,낮음,보통
2018-09-11 23:10,2018-09-11 23:59,수동적 여가|TV시청,집,서울특별시 도봉구 쌍문동,실내,친밀한 관계|박정자,/,/,/,예,보통,높음,낮음,보통
