start_time,end_time,activity,place,address,location,person,food,amount_of_food,meal_type,hunger,emotion,tiredness,temperature,humidity
2018-09-16 0:00,2018-09-16 1:00,수동적 여가|TV시청,집,서울특별시 도봉구 쌍문동,실내,친밀한 관계|박정자,/,/,/,아니오,부정,높음,낮음,보통
2018-09-16 1:00,2018-09-16 4:30,수면,집,서울특별시 도봉구 쌍문동,실내,혼자,/,/,/,예,보통,높음,낮음,보통
2018-09-16 4:30,2018-09-16 5:00,식사,집,서울특별시 도봉구 쌍문동,실내,혼자,한식|라면,많음,간식,예,긍정,낮음,낮음,보통
2018-09-16 5:00,2018-09-16 6:00,기타|짐 싸기,집,서울특별시 도봉구 쌍문동,실내,혼자,/,/,/,아니오,매우 부정,높음,낮음,보통
2018-09-16 6:00,2018-09-16 7:00,식사,집,서울특별시 도봉구 쌍문동,실내,혼자,기타|커피,보통,간식,아니오,보통,낮음,낮음,보통
2018-09-16 7:00,2018-09-16 7:10,기타|샤워,집,서울특별시 도봉구 쌍문동,실내,혼자,/,/,/,아니오,긍정,낮음,낮음,보통
2018-09-16 7:10,2018-09-16 7:15,이동,야외,서울특별시 도봉구 쌍문동,실외,혼자,/,/,/,아니오,부정,높음,낮음,보통
2018-09-16 7:15,2018-09-16 7:38,이동,대중교통|지하철,서울특별시 도봉구 쌍문동,실내,혼자,/,/,/,예,매우 부정,매우 높음,낮음,보통
2018-09-16 7:38,2018-09-16 7:48,식사,식당|호수집,서울특별시 용산구 동자동,실내,혼자,한식|닭볶음탕,많음,아침,예,긍정,높음,보통,보통
2018-09-16 7:48,2018-09-16 8:54,이동,대중교통|지하철,서울특별시 용산구 동자동,실내,혼자,/,/,/,아니오,부정,높음,보통,보통
2018-09-16 8:54,2018-09-16 9:03,이동,기타|인천국제공항,인천광역시 중구 운서동,실내,혼자,/,/,/,아니오,부정,높음,보통,보통
2018-09-16 9:03,2018-09-16 9:15,기타|환전,기타|우리은행,인천광역시 중구 운서동,실내,혼자,/,/,/,아니오,매우 부정,매우 높음,보통,보통
2018-09-16 9:15,2018-09-16 9:25,이동,기타|인천국제공항,인천광역시 중구 운서동,실내,혼자,/,/,/,아니오,부정,높음,높음,보통
2018-09-16 9:25,2018-09-16 9:30,기타|휴대전화 로밍,기타|SKT 대리점,인천광역시 중구 운서동,실내,혼자,/,/,/,아니오,부정,높음,높음,보통
2018-09-16 9:30,2018-09-16 9:35,이동,기타|인천국제공항,인천광역시 중구 운서동,실내,혼자,/,/,/,예,긍정,높음,높음,보통
2018-09-16 9:35,2018-09-16 9:43,기타|여행자 보험 등록,기타|삼성화재,인천광역시 중구 운서동,실내,혼자,/,/,/,예,매우 부정,매우 높음,높음,보통
2018-09-16 9:43,2018-09-16 9:48,이동,기타|인천국제공항,인천광역시 중구 운서동,실내,혼자,/,/,/,예,부정,높음,높음,보통
2018-09-16 9:48,2018-09-16 10:25,식사,식당|롯데리아,인천광역시 중구 운서동,실내,혼자,/,/,/,예,매우 부정,매우 높음,보통,보통
2018-09-16 10:25,2018-09-16 10:50,이동,기타|인천국제공항,인천광역시 중구 운서동,실내,혼자,/,/,/,아니오,부정,높음,보통,보통
2018-09-16 10:50,2018-09-16 11:00,기타|탑승 수속 및 수하물 탁송,기타|인천국제공항,인천광역시 중구 운서동,실내,혼자,/,/,/,아니오,긍정,낮음,보통,보통
2018-09-16 11:00,2018-09-16 11:20,이동,기타|인천국제공항,인천광역시 중구 운서동,실내,혼자,/,/,/,아니오,부정,높음,보통,보통
2018-09-16 11:20,2018-09-16 11:21,기타|보안검색 및 출국 심사,기타|인천국제공항,인천광역시 중구 운서동,실내,혼자,/,/,/,아니오,긍정,낮음,보통,보통
2018-09-16 11:21,2018-09-16 11:40,이동,기타|인천국제공항,인천광역시 중구 운서동,실내,혼자,/,/,/,예,긍정,높음,보통,보통
2018-09-16 11:40,2018-09-16 12:20,식사,식당|크리스피크림도넛,인천광역시 중구 운서동,실내,혼자,양식|도넛,많음,점심,예,매우 긍정,매우 낮음,보통,보통
2018-09-16 12:20,2018-09-16 12:50,이동,기타|인천국제공항,인천광역시 중구 운서동,실내,혼자,/,/,/,아니오,긍정,낮음,보통,보통
2018-09-16 12:50,2018-09-16 12:55,기타|탑승 수속 및 수하물 탁송,기타|인천국제공항,인천광역시 중구 운서동,실내,혼자,/,/,/,아니오,긍정,낮음,낮음,보통
2018-09-16 12:55,2018-09-16 15:15,이동,기타|비행기,인천광역시 중구 운서동,실내,혼자,/,/,/,아니오,보통,높음,낮음,보통
2018-09-16 15:15,2018-09-16 15:30,이동,기타|지하철,도쿄도 오타구 하네다쿠코,실내,혼자,/,/,/,예,보통,높음,낮음,보통
2018-09-16 15:30,2018-09-16 16:00,기타|체크인,기타|호텔,도쿄도 타이토구 아나쿠나바시,실내,혼자,/,/,/,예,긍정,높음,낮음,보통
2018-09-16 16:00,2018-09-16 19:00,능동적 여가|굿즈 구매,야외,도쿄도 타이토구 아나쿠나바시,실외,혼자,/,/,/,예,매우 긍정,매우 높음,낮음,보통
2018-09-16 19:00,2018-09-16 19:30,식사,식당|마루고돈카츠,도쿄도 타이토구 아나쿠나바시,실내,혼자,일식|가츠동,많음,저녁,예,매우 긍정,높음,낮음,보통
2018-09-16 19:30,2018-09-16 23:30,능동적 여가|굿즈 구매,야외,도쿄도 타이토구 아나쿠나바시,실외,혼자,/,/,/,아니오,매우 긍정,매우 높음,낮음,보통
2018-09-16 23:30,2018-09-16 23:59,이동,야외,도쿄도 타이토구 아나쿠나바시,실외,혼자,/,/,/,아니오,긍정,매우 높음,낮음,보통
