start_time,end_time,activity,place,address,location,person,food,amount_of_food,meal_type,hunger,emotion,tiredness,temperature,humidity
2018-09-19 00:00,2018-09-19 05:56,수면,집,서울시 도봉구 창2동,실내,혼자,/,/,/,예,부정,매우 낮음,보통,높음
2018-09-19 05:56,2018-09-19 06:54,능동적 여가|조깅,공원,서울시 도봉구 창2동,실외,혼자,/,/,/,예,부정,매우 낮음,보통,높음
2018-09-19 06:54,2018-09-19 07:24,식사,집,서울시 도봉구 창2동,실내,혼자,기타|샐러드,매우 적음,아침,예,부정,매우 낮음,보통,높음
2018-09-19 07:24,2018-09-19 08:27,이동,대중교통|지하철,서울시 도봉구 창2동,실외,혼자,/,/,/,예,부정,매우 낮음,보통,높음
2018-09-19 08:27,2018-09-19 09:34,업무,사무실,서울시 종로구 종로동,실내,데면한 관계|진호,/,/,/,예,부정,매우 낮음,보통,높음
2018-09-19 09:34,2018-09-19 10:20,업무,사무실,서울시 종로구 종로동,실내,데면한 관계|진호,/,/,/,예,부정,낮음,보통,높음
2018-09-19 10:20,2018-09-19 10:22,이동,야외,서울시 종로구 종로동,실외,혼자,/,/,/,예,부정,낮음,보통,높음
2018-09-19 10:22,2018-09-19 10:32,능동적 여가|스트레칭,야외,서울시 종로구 종로동,실외,혼자,/,/,/,예,부정,낮음,보통,높음
2018-09-19 10:32,2018-09-19 10:34,이동,야외,서울시 종로구 종로동,실외,혼자,/,/,/,예,보통,낮음,보통,높음
2018-09-19 10:34,2018-09-19 11:10,업무,사무실,서울시 종로구 종로동,실내,데면한 관계|진호,/,/,/,예,보통,낮음,보통,높음
2018-09-19 11:10,2018-09-19 11:59,업무,사무실,서울시 종로구 종로동,실내,데면한 관계|진호,/,/,/,예,부정,낮음,보통,높음
2018-09-19 11:59,2018-09-19 12:08,이동,야외,서울시 종로구 종로동,실외,데면한 관계|진호,/,/,/,예,부정,보통,보통,높음
2018-09-19 12:08,2018-09-19 12:49,식사,식당,서울시 종로구 종로동,실내,데면한 관계|진호,중식|짜장면,보통,점심,예,보통,보통,보통,높음
2018-09-19 12:49,2018-09-19 12:59,이동,야외,서울시 종로구 종로동,실외,데면한 관계|진호,/,/,/,아니오,부정,보통,보통,높음
2018-09-19 12:59,2018-09-19 14:23,업무,사무실,서울시 종로구 종로동,실내,데면한 관계|진호,/,/,/,아니오,부정,보통,보통,높음
2018-09-19 14:23,2018-09-19 14:27,이동,야외,서울시 종로구 종로동,실외,혼자,/,/,/,아니오,부정,높음,보통,높음
2018-09-19 14:27,2018-09-19 14:36,식사,카페,서울시 종로구 종로동,실외,혼자,기타|커피,매우 적음,간식,아니오,부정,높음,보통,높음
2018-09-19 14:36,2018-09-19 14:39,이동,야외,서울시 종로구 종로동,실외,혼자,/,/,/,아니오,보통,높음,보통,높음
2018-09-19 14:39,2018-09-19 16:49,업무,사무실,서울시 종로구 종로동,실내,데면한 관계|진호,/,/,/,아니오,보통,높음,보통,높음
2018-09-19 16:49,2018-09-19 17:54,업무,사무실,서울시 종로구 종로동,실내,데면한 관계|요환,/,/,/,아니오,부정,높음,보통,높음
2018-09-19 17:54,2018-09-19 18:56,업무,사무실,서울시 종로구 종로동,실내,데면한 관계|진호,/,/,/,예,부정,높음,보통,높음
2018-09-19 18:56,2018-09-19 19:01,이동,대중교통|지하철,서울시 종로구 종로동,실외,혼자,/,/,/,예,부정,매우 높음,보통,높음
2018-09-19 19:01,2018-09-19 19:21,식사,집,서울시 도봉구 창2동,실내,혼자,기타|샐러드,매우 적음,저녁,예,보통,매우 높음,보통,높음
2018-09-19 19:21,2018-09-19 20:36,능동적 여가|운동,집,서울시 도봉구 창2동,실내,혼자,/,/,/,예,부정,매우 높음,보통,높음
2018-09-19 20:36,2018-09-19 21:26,수동적 여가|핸드폰,집,서울시 도봉구 창2동,실내,혼자,/,/,/,예,부정,매우 높음,보통,높음
2018-09-19 21:26,2018-09-19 23:59,수면,집,서울시 도봉구 창2동,실내,혼자,/,/,/,예,부정,매우 높음,보통,높음