start_time,end_time,activity,place,address,location,person,food,amount_of_food,meal_type,hunger,emotion,tiredness,temperature,humidity
2018-12-18 0:00,2018-12-18 6:18,수면,집,서울시 강남구 삼성동,실내,혼자,/,/,/,예,보통,보통,보통,보통
2018-12-18 6:18,2018-12-18 6:24,기타|거울 보기,집,서울시 강남구 삼성동,실내,혼자,/,/,/,예,부정,매우 낮음,보통,보통
2018-12-18 6:18,2018-12-18 7:00,능동적 여가|산책,공원|봉은공원,서울시 강남구 삼성동,실외,혼자,/,/,/,예,매우 긍정,매우 낮음,낮음,보통
2018-12-18 7:00,2018-12-18 7:30,기타|외출준비,집,서울시 강남구 삼성동,실내,혼자,/,/,/,예,긍정,매우 낮음,보통,보통
2018-12-18 7:30,2018-12-18 7:33,기타|고양이 밥주기,집,서울시 강남구 삼성동,실내,혼자,/,/,/,예,긍정,매우 낮음,보통,보통
2018-12-18 7:33,2018-12-18 7:50,이동,야외,서울시 강남구 논현동,실외,혼자,/,/,/,예,긍정,낮음,낮음,보통
2018-12-18 7:50,2018-12-18 8:30,기타|하루 일과 계획 및 생각,기타|작업실,서울시 강남구 논현동,실내,혼자,/,/,/,예,긍정,낮음,보통,보통
2018-12-18 8:30,2018-12-18 10:30,업무|소설 작업,기타|작업실,서울시 강남구 논현동,실내,혼자,/,/,/,예,매우 긍정,낮음,보통,보통
2018-12-18 10:30,2018-12-18 10:45,수동적 여가|음악 감상,기타|작업실,서울시 강남구 논현동,실내,혼자,/,/,/,예,매우 긍정,낮음,보통,보통
2018-12-18 10:45,2018-12-18 11:00,식사,기타|작업실,서울시 강남구 논현동,실내,혼자,기타|샐러드,보통,점심,아니오,보통,낮음,보통,보통
2018-12-18 11:00,2018-12-18 12:34,업무|소설 작업,기타|작업실,서울시 강남구 논현동,실내,혼자,/,/,/,아니오,긍정,보통,보통,보통
2018-12-18 12:34,2018-12-18 12:45,이동,야외,서울시 강남구 서초동,실외,혼자,/,/,/,예,긍정,낮음,낮음,보통
2018-12-18 12:45,2018-12-18 14:05,능동적 여가|운동,기타|헬스장,서울시 강남구 서초동,실내,혼자,/,/,/,예,긍정,낮음,보통,보통
2018-12-18 14:05,2018-12-18 14:29,이동,야외,서울시 강남구 서초동,실외,혼자,/,/,/,예,긍정,보통,낮음,보통
2018-12-18 14:29,2018-12-18 14:40,사교|친구와 통화,집,서울시 강남구 삼성동,실내,친밀한 관계|진수,/,/,/,예,보통,보통,보통,보통
2018-12-18 14:40,2018-12-18 15:00,수동적 여가|패션 잡지 보기,집,서울시 강남구 삼성동,실내,혼자,/,/,/,예,부정,보통,보통,보통
2018-12-18 15:00,2018-12-18 15:30,수동적 여가|신문 읽기,집,서울시 강남구 삼성동,실내,혼자,/,/,/,예,보통,보통,보통,보통
2018-12-18 15:30,2018-12-18 16:10,수동적 여가|영화 감상,집,서울시 강남구 삼성동,실내,혼자,/,/,/,예,긍정,보통,보통,보통
2018-12-18 16:10,2018-12-18 17:17,업무|소설 작업,집,서울시 강남구 삼성동,실내,혼자,/,/,/,예,매우 긍정,높음,보통,보통
2018-12-18 17:17,2018-12-18 17:20,기타|고양이 밥주기,집,서울시 강남구 삼성동,실내,혼자,/,/,/,예,긍정,보통,보통,보통
2018-12-18 17:20,2018-12-18 18:23,이동,대중교통|지하철,서울시 마포구 연남동,실외,혼자,/,/,/,예,긍정,보통,낮음,보통
2018-12-18 18:23,2018-12-18 18:53,식사,식당|소이연남,서울시 마포구 연남동,실내,친밀한 관계|진수,기타|쌀국수,적음,저녁,아니오,부정,높음,보통,보통
2018-12-18 18:53,2018-12-18 18:33,사교,카페|브레드랩,서울시 마포구 연남동,실내,친밀한 관계|진수,/,/,/,아니오,보통,높음,보통,보통
2018-12-18 18:33,2018-12-18 19:52,이동,대중교통|지하철,서울시 마포구 연남동,실외,혼자,/,/,/,아니오,보통,높음,낮음,보통
2018-12-18 19:52,2018-12-18 20:15,수동적 여가|고양이와 시간 보내기,집,서울시 강남구 삼성동,실내,혼자,/,/,/,예,보통,높음,보통,보통
2018-12-18 20:15,2018-12-18 20:30,기타|부모님과 통화,집,서울시 강남구 삼성동,실내,혼자,/,/,/,예,매우 부정,매우 높음,보통,보통
2018-12-18 20:30,2018-12-18 20:46,수동적 여가|흡연,기타|집 앞,서울시 강남구 삼성동,실외,혼자,/,/,/,아니오,부정,높음,낮음,보통
2018-12-18 20:46,2018-12-18 21:06,능동적 여가|산책 및 운동,야외,서울시 강남구 삼성동,실외,혼자,/,/,/,아니오,부정,매우 높음,낮음,보통
2018-12-18 21:06,2018-12-18 21:14,기타|샤워,집,서울시 강남구 삼성동,실내,혼자,/,/,/,예,부정,높음,보통,보통
2018-12-18 21:14,2018-12-18 21:20,기타|일기 작성,집,서울시 강남구 삼성동,실내,혼자,/,/,/,예,부정,높음,보통,보통
2018-12-18 21:20,2018-12-18 21:20,식사|차 마시기,집,서울시 강남구 삼성동,실내,혼자,기타|차,적음,간식,예,보통,매우 높음,보통,보통
2018-12-18 21:20,2018-12-18 23:59,수면,집,서울시 강남구 삼성동,실내,혼자,/,/,/,예,보통,보통,보통,보통