start_time,end_time,activity,place,address,location,person,food,amount_of_food,meal_type,hunger,emotion,tiredness,temperature,humidity
2018-12-30 0:00,2018-12-30 6:08,수면,집,서울시 강남구 삼성동,실내,혼자,/,/,/,예,보통,보통,보통,보통
2018-12-30 6:08,2018-12-30 6:30,수동적 여가|신문 읽기,집,서울시 강남구 삼성동,실내,혼자,/,/,/,예,긍정,보통,보통,보통
2018-12-30 6:30,2018-12-30 6:45,수동적 여가|티비 시청,집,서울시 강남구 삼성동,실내,혼자,/,/,/,예,긍정,낮음,보통,보통
2018-12-30 6:45,2018-12-30 6:58,수동적 여가|스마트폰 사용,집,서울시 강남구 삼성동,실내,혼자,/,/,/,예,긍정,낮음,보통,보통
2018-12-30 6:58,2018-12-30 7:59,능동적 여가|산책 및 운동,공원|봉은공원,서울시 강남구 삼성동,실외,혼자,/,/,/,예,보통,낮음,매우 낮음,매우 낮음
2018-12-30 7:59,2018-12-30 8:02,기타|고양이 밥주기,집,서울시 강남구 삼성동,실내,혼자,/,/,/,예,긍정,낮음,보통,보통
2018-12-30 8:02,2018-12-30 8:34,기타|외출준비,집,서울시 강남구 삼성동,실내,혼자,/,/,/,예,금정,보통,보통,보통
2018-12-30 8:34,2018-12-30 9:45,이동,야외,경기도 광명시 소하2동,실외,혼자,/,/,/,예,긍정,보통,매우 낮음,매우 낮음
2018-12-30 9:45,2018-12-30 10:55,기타|가구 구매,상점|이케아,경기도 광명시 소하2동,실내,혼자,/,/,/,예,매우 긍정,보통,보통,보통
2018-12-30 10:55,2018-12-30 11:25,식사,상점|이케아,경기도 광명시 소하2동,실내,혼자,양식|연어 구이,적음,점심,아니오,보통,보통,보통,보통
2018-12-30 11:25,2018-12-30 12:18,이동,야외,서울시 강남구 삼성동,실외,혼자,/,/,/,아니오,보통,보통,매우 낮음,매우 낮음
2018-12-30 12:18,2018-12-30 12:38,기타|휴식,집,서울시 강남구 삼성동,실내,혼자,/,/,/,예,긍정,낮음,보통,보통
2018-12-30 12:38,2018-12-30 13:05,기타|가구 조립,집,서울시 강남구 삼성동,실내,혼자,/,/,/,예,매우 긍정,보통,보통,보통
2018-12-30 13:05,2018-12-30 13:11,수동적 여가|인테리어 블로그 서핑,집,서울시 강남구 삼성동,실내,혼자,/,/,/,예,보통,보통,보통,보통
2018-12-30 13:11,2018-12-30 14:59,업무|소설 작업,집,서울시 강남구 삼성동,실내,혼자,/,/,/,예,보통,높음,보통,보통
2018-12-30 14:59,2018-12-30 15:19,수동적 여가|음식 블로그 서핑,집,서울시 강남구 삼성동,실내,혼자,/,/,/,예,부정,보통,보통,보통
2018-12-30 15:19,2018-12-30 15:31,기타|구토,집,서울시 강남구 삼성동,실내,혼자,/,/,/,예,매우 부정,매우 높음,보통,보통
2018-12-30 15:31,2018-12-30 15:42,수동적 여가|스마트폰 사용,집,서울시 강남구 삼성동,실내,혼자,/,/,/,예,보통,높음,보통,보통
2018-12-30 15:42,2018-12-30 15:55,수동적 여가|흡연,야외,서울시 강남구 삼성동,실외,혼자,/,/,/,아니오,보통,보통,매우 낮음,매우 낮음
2018-12-30 15:55,2018-12-30 16:47,업무|소설 퇴고,집,서울시 강남구 삼성동,실내,혼자,/,/,/,아니오,보통,보통,보통,보통
2018-12-30 16:47,2018-12-30 17:50,기타|목욕,집,서울시 강남구 삼성동,실내,혼자,/,/,/,예,보통,보통,보통,보통
2018-12-30 17:50,2018-12-30 18:20,기타|생각,집,서울시 강남구 삼성동,실내,혼자,/,/,/,예,부정,보통,보통,보통
2018-12-30 18:20,2018-12-30 18:41,사교|친구와 통화,집,서울시 강남구 삼성동,실내,친밀한 관계|윤주,/,/,/,예,긍정,보통,보통,보통
2018-12-30 18:41,2018-12-30 18:45,기타|고양이 밥주기,집,서울시 강남구 삼성동,실내,혼자,/,/,/,예,보통,높음,보통,보통
2018-12-30 18:45,2018-12-30 19:26,능동적 여가|그림 그리기,집,서울시 강남구 삼성동,실내,혼자,/,/,/,예,보통,높음,보통,보통
2018-12-30 19:26,2018-12-30 19:36,기타|인터넷으로 장 보기,집,서울시 강남구 삼성동,실내,혼자,/,/,/,예,부정,높음,보통,보통
2018-12-30 19:36,2018-12-30 19:55,수동적 여가|신문 읽기,집,서울시 강남구 삼성동,실내,혼자,/,/,/,예,보통,높음,보통,보통
2018-12-30 19:55,2018-12-30 20:49,청소,집,서울시 강남구 삼성동,실내,혼자,/,/,/,예,보통,높음,보통,보통
2018-12-30 20:49,2018-12-30 21:11,기타|일기 작성,집,서울시 강남구 삼성동,실내,혼자,/,/,/,예,보통,높음,보통,보통
2018-12-30 21:11,2018-12-30 21:30,식사|차 마시기,집,서울시 강남구 삼성동,실내,혼자,기타|차,적음,간식,예,보통,매우 높음,보통,보통
2018-12-30 21:30,2018-12-30 12:59,수면,집,서울시 강남구 삼성동,실내,혼자,/,/,/,예,보통,높음,보통,보통