start_time,end_time,activity,place,address,location,person,food,amount_of_food,meal_type,hunger,emotion,tiredness,temperature,humidity
2018-9-26 0:00,2018-9-26 0:40,이동,야외,대전시 서구 둔산동,실외,혼자,/,/,/,아니요,보통,매우 높음,보통,낮음
2018-9-26 0:40,2018-9-26 1:58,수동적 여가|핸드폰,집,대전시 서구 둔산동,실내,혼자,/,/,/,아니요,긍정,매우 높음,보통,낮음
2018-9-26 1:58,2018-9-26 2:13,식사,집,대전시 서구 둔산동,실내,혼자,한식|족발,많음,야식,예,보통,매우 높음,보통,낮음
2018-9-26 2:13,2018-9-26 2:28,수동적 여가|핸드폰,집,대전시 서구 둔산동,실내,혼자,/,/,/,아니요,보통,매우 높음,보통,낮음
2018-9-26 2:28,2018-9-26 7:35,취침,집,대전시 서구 둔산동,실내,혼자,/,/,/,아니요,긍정,매우 낮음,보통,낮음
2018-9-26 7:35,2018-9-26 7:45,수동적 여가|핸드폰,집,대전시 서구 둔산동,실내,혼자,/,/,/,아니요,긍정,매우 낮음,보통,낮음
2018-9-26 7:45,2018-9-26 8:20,취침,집,대전시 서구 둔산동,실내,혼자,/,/,/,아니요,긍정,매우 낮음,보통,낮음
2018-9-26 8:20,2018-9-26 8:50,식사,집,대전시 서구 둔산동,실내,혼자,기타|라면,적음,아침,예,보통,매우 낮음,보통,낮음
2018-9-26 8:50,2018-9-26 9:20,기타|목욕,집,대전시 서구 둔산동,실내,혼자,/,/,/,아니요,보통,매우 낮음,보통,낮음
2018-9-26 9:20,2018-9-26 10:00,이동,야외,대전시 서구 둔산동,실외,혼자,/,/,/,아니요,보통,낮음,보통,낮음
2018-9-26 10:00,2018-9-26 11:01,업무,사무실,대전시 서구 둔산동,실내,혼자,/,/,/,아니요,보통,높음,보통,낮음
2018-9-26 11:01,2018-9-26 11:11,수동적 여가|핸드폰,흡연실,대전시 서구 둔산동,실내,혼자,/,/,/,아니요,보통,높음,보통,낮음
2018-9-26 11:11,2018-9-26 12:14,업무,사무실,대전시 서구 둔산동,실내,혼자,/,/,/,아니요,보통,매우 높음,보통,낮음
2018-9-26 12:14,2018-9-26 12:24,수동적 여가|핸드폰,매점,대전시 서구 둔산동,실내,혼자,기타|커피,매우 적음,기타,아니요,보통,매우 높음,보통,낮음
2018-9-26 12:24,2018-9-26 15:05,업무,사무실,대전시 서구 둔산동,실내,혼자,/,/,/,아니요,보통,매우 높음,보통,낮음
2018-9-26 15:05,2018-9-26 15:30,식사,사무실,대전시 서구 둔산동,실내,데면한 관계,중식|짜장면,많음,점심,예,부정,매우 높음,보통,낮음
2018-9-26 15:30,2018-9-26 15:40,수동적 여가|핸드폰,사무실,대전시 서구 둔산동,실내,데면한 관계,기타|소화제,매우 적음,기타,아니요,부정,매우 높음,보통,낮음
2018-9-26 15:40,2018-9-26 15:49,수동적 여가|핸드폰,매점,대전시 서구 둔산동,실외,데면한 관계,기타|커피,매우 적음,기타,아니요,부정,매우 높음,보통,낮음
2018-9-26 15:49,2018-9-26 16:49,업무,사무실,대전시 서구 둔산동,실내,혼자,/,/,/,아니요,보통,높음,보통,낮음
2018-9-26 16:49,2018-9-26 16:59,수동적 여가|핸드폰,매점,대전시 서구 둔산동,실내,혼자,기타|커피,매우 적음,기타,아니요,보통,매우 높음,보통,낮음
2018-9-26 16:59,2018-9-26 18:05,업무,사무실,대전시 서구 둔산동,실내,혼자,/,/,/,아니요,보통,낮음,보통,낮음
2018-9-26 18:05,2018-9-26 18:15,수동적 여가|핸드폰,흡연실,대전시 서구 둔산동,실내,혼자,/,/,/,아니요,보통,낮음,보통,낮음
2018-9-26 18:15,2018-9-26 21:06,업무,사무실,대전시 서구 둔산동,실내,혼자,/,/,/,아니요,보통,매우 높음,보통,낮음
2018-9-26 21:06,2018-9-26 21:31,식사,사무실,대전시 서구 둔산동,실내,데면한 관계,양식|피자,많음,저녁,예,부정,매우 높음,보통,낮음
2018-9-26 21:31,2018-9-26 21:41,수동적 여가|핸드폰,사무실,대전시 서구 둔산동,실내,데면한 관계,기타|소화제,매우 적음,기타,아니요,부정,매우 높음,보통,낮음
2018-9-26 21:41,2018-9-26 21:52,수동적 여가|핸드폰,매점,대전시 서구 둔산동,실외,데면한 관계,기타|커피,매우 적음,기타,아니요,부정,매우 높음,보통,낮음
2018-9-26 21:52,2018-9-26 22:57,업무,사무실,대전시 서구 둔산동,실내,혼자,/,/,/,아니요,보통,높음,보통,낮음
2018-9-26 22:57,2018-9-26 23:07,수동적 여가|핸드폰,매점,대전시 서구 둔산동,실내,혼자,기타|커피,매우 적음,기타,아니요,보통,높음,보통,낮음
2018-9-26 23:07,2018-9-27 0:00,업무,사무실,대전시 서구 둔산동,실내,혼자,/,/,/,아니요,보통,낮음,보통,낮음
