start_time,end_time,activity,place,address,location,person,food,amount_of_food,meal_type,hunger,emotion,tiredness,temperature,humidity
2018-10-13 0:00,2018-10-13 2:55,수동적 여가|핸드폰,집,대전시 서구 둔산동,실내,혼자,/,/,/,아니요,긍정,높음,낮음,낮음
2018-10-13 2:55,2018-10-13 3:10,식사,집,대전시 서구 둔산동,실내,혼자,일식|초밥,많음,야식,예,보통,높음,낮음,낮음
2018-10-13 3:10,2018-10-13 5:09,취침,집,대전시 서구 둔산동,실내,혼자,/,/,/,아니요,긍정,낮음,낮음,낮음
2018-10-13 5:09,2018-10-13 5:20,수동적 여가|핸드폰,집,대전시 서구 둔산동,실내,혼자,/,/,/,아니요,부정,낮음,낮음,낮음
2018-10-13 5:20,2018-10-13 7:30,취침,집,대전시 서구 둔산동,실내,혼자,/,/,/,아니요,긍정,매우 낮음,낮음,낮음
2018-10-13 7:30,2018-10-13 7:40,수동적 여가|핸드폰,집,대전시 서구 둔산동,실내,혼자,/,/,/,아니요,부정,매우 낮음,낮음,낮음
2018-10-13 7:40,2018-10-13 9:38,취침,집,대전시 서구 둔산동,실내,혼자,/,/,/,예,긍정,매우 낮음,낮음,낮음
2018-10-13 9:38,2018-10-13 10:43,능동적 여가|독서,집,대전시 서구 둔산동,실내,혼자,/,/,/,예,긍정,매우 낮음,낮음,낮음
2018-10-13 10:43,2018-10-13 11:13,식사,집,대전시 서구 둔산동,실내,혼자,기타|라면,적음,아침,예,보통,매우 낮음,낮음,낮음
2018-10-13 11:13,2018-10-13 11:23,수동적 여가|핸드폰,집,대전시 서구 둔산동,실내,혼자,기타|소화제,매우 적음,기타,아니요,보통,낮음,낮음,낮음
2018-10-13 11:23,2018-10-13 12:38,능동적 여가|독서,집,대전시 서구 둔산동,실내,혼자,/,/,/,아니요,긍정,낮음,낮음,낮음
2018-10-13 12:38,2018-10-13 14:03,능동적 여가|독서,집,대전시 서구 둔산동,실내,혼자,/,/,/,아니요,긍정,높음,낮음,낮음
2018-10-13 14:03,2018-10-13 15:05,능동적 여가|독서,집,대전시 서구 둔산동,실내,혼자,/,/,/,아니요,긍정,매우 높음,낮음,낮음
2018-10-13 15:05,2018-10-13 16:13,능동적 여가|독서,집,대전시 서구 둔산동,실내,혼자,/,/,/,예,긍정,매우 높음,낮음,낮음
2018-10-13 16:13,2018-10-13 16:43,식사,집,대전시 서구 둔산동,실내,혼자,한식|백반,많음,점심,예,긍정,매우 높음,낮음,매우낮음
2018-10-13 16:43,2018-10-13 16:53,수동적 여가|핸드폰,집,대전시 서구 둔산동,실내,혼자,기타|소화제,매우 적음,기타,아니요,보통,매우 높음,낮음,매우낮음
2018-10-13 16:53,2018-10-13 18:51,취침,집,대전시 서구 둔산동,실내,혼자,/,/,/,아니요,긍정,높음,낮음,매우낮음
2018-10-13 18:51,2018-10-13 19:02,수동적 여가|핸드폰,집,대전시 서구 둔산동,실내,혼자,/,/,/,아니요,부정,매우 높음,낮음,매우낮음
2018-10-13 19:02,2018-10-13 22:00,취침,집,대전시 서구 둔산동,실내,혼자,/,/,/,아니요,긍정,낮음,낮음,매우낮음
2018-10-13 22:00,2018-10-13 22:08,수동적 여가|핸드폰,집,대전시 서구 둔산동,실내,혼자,/,/,/,아니요,부정,낮음,낮음,매우낮음
2018-10-13 22:08,2018-10-14 0:00,취침,집,대전시 서구 둔산동,실내,혼자,/,/,/,예,긍정,매우 낮음,낮음,매우낮음
