start_time,end_time,activity,place,address,location,person,food,amount_of_food,meal_type,hunger,emotion,tiredness,temperature,humidity
2018-10-11 0:00,2018-10-11 0:40,이동,야외,대전시 서구 둔산동,실외,혼자,/,/,/,아니요,보통,매우 높음,보통,낮음
2018-10-11 0:40,2018-10-11 3:06,수동적 여가|핸드폰,집,대전시 서구 둔산동,실내,혼자,/,/,/,아니요,긍정,매우 높음,보통,낮음
2018-10-11 3:06,2018-10-11 3:21,식사,집,대전시 서구 둔산동,실내,혼자,중식|탕수육,많음,야식,예,보통,매우 높음,보통,낮음
2018-10-11 3:21,2018-10-11 4:22,취침,집,대전시 서구 둔산동,실내,혼자,/,/,/,아니요,긍정,매우 높음,보통,낮음
2018-10-11 4:22,2018-10-11 4:32,수동적 여가|핸드폰,집,대전시 서구 둔산동,실내,혼자,/,/,/,아니요,보통,매우 높음,보통,낮음
2018-10-11 4:32,2018-10-11 7:50,취침,집,대전시 서구 둔산동,실내,혼자,/,/,/,아니요,긍정,매우 낮음,보통,낮음
2018-10-11 7:50,2018-10-11 8:20,식사,집,대전시 서구 둔산동,실내,혼자,기타|라면,적음,아침,예,보통,낮음,보통,낮음
2018-10-11 8:20,2018-10-11 8:50,기타|목욕,집,대전시 서구 둔산동,실내,혼자,/,/,/,아니요,보통,낮음,보통,낮음
2018-10-11 8:50,2018-10-11 9:30,이동,야외,대전시 서구 둔산동,실외,혼자,/,/,/,아니요,보통,높음,보통,낮음
2018-10-11 9:30,2018-10-11 10:35,업무,사무실,대전시 서구 둔산동,실내,혼자,/,/,/,아니요,보통,높음,보통,낮음
2018-10-11 10:35,2018-10-11 10:45,수동적 여가|핸드폰,매점,대전시 서구 둔산동,실내,혼자,기타|커피,매우 적음,기타,아니요,보통,높음,보통,낮음
2018-10-11 10:45,2018-10-11 11:50,업무,사무실,대전시 서구 둔산동,실내,혼자,/,/,/,아니요,보통,낮음,보통,낮음
2018-10-11 11:50,2018-10-11 12:00,수동적 여가|핸드폰,흡연실,대전시 서구 둔산동,실내,혼자,/,/,/,아니요,보통,높음,보통,낮음
2018-10-11 12:00,2018-10-11 14:22,업무,사무실,대전시 서구 둔산동,실내,혼자,/,/,/,아니요,보통,매우 높음,보통,낮음
2018-10-11 14:22,2018-10-11 14:47,식사,사무실,대전시 서구 둔산동,실내,데면한 관계,중식|짜장면,많음,점심,예,부정,매우 높음,보통,낮음
2018-10-11 14:47,2018-10-11 14:57,수동적 여가|핸드폰,사무실,대전시 서구 둔산동,실내,데면한 관계,기타|소화제,매우 적음,기타,아니요,부정,매우 높음,보통,낮음
2018-10-11 14:57,2018-10-11 15:03,수동적 여가|핸드폰,매점,대전시 서구 둔산동,실외,데면한 관계,기타|커피,매우 적음,기타,아니요,부정,매우 높음,보통,낮음
2018-10-11 15:03,2018-10-11 16:03,업무,사무실,대전시 서구 둔산동,실내,혼자,/,/,/,아니요,보통,높음,보통,낮음
2018-10-11 16:03,2018-10-11 16:13,수동적 여가|핸드폰,매점,대전시 서구 둔산동,실내,혼자,기타|커피,매우 적음,기타,아니요,보통,높음,보통,낮음
2018-10-11 16:13,2018-10-11 17:14,업무,사무실,대전시 서구 둔산동,실내,혼자,/,/,/,아니요,보통,낮음,보통,낮음
2018-10-11 17:14,2018-10-11 17:24,수동적 여가|핸드폰,흡연실,대전시 서구 둔산동,실내,혼자,/,/,/,아니요,보통,낮음,보통,낮음
2018-10-11 17:24,2018-10-11 20:14,업무,사무실,대전시 서구 둔산동,실내,혼자,/,/,/,아니요,보통,매우 높음,보통,낮음
2018-10-11 20:14,2018-10-11 20:39,식사,사무실,대전시 서구 둔산동,실내,데면한 관계,한식|갈비탕,많음,저녁,예,부정,매우 높음,보통,낮음
2018-10-11 20:39,2018-10-11 20:49,수동적 여가|핸드폰,사무실,대전시 서구 둔산동,실내,데면한 관계,기타|소화제,매우 적음,기타,아니요,부정,매우 높음,보통,낮음
2018-10-11 20:49,2018-10-11 21:01,수동적 여가|핸드폰,매점,대전시 서구 둔산동,실외,데면한 관계,기타|커피,매우 적음,기타,아니요,부정,매우 높음,보통,낮음
2018-10-11 21:01,2018-10-11 22:08,업무,사무실,대전시 서구 둔산동,실내,혼자,/,/,/,아니요,보통,높음,보통,낮음
2018-10-11 22:08,2018-10-11 22:18,수동적 여가|핸드폰,매점,대전시 서구 둔산동,실내,혼자,기타|커피,매우 적음,기타,아니요,보통,매우 높음,보통,낮음
2018-10-11 22:18,2018-10-11 23:20,업무,사무실,대전시 서구 둔산동,실내,혼자,/,/,/,아니요,보통,낮음,보통,낮음
2018-10-11 23:20,2018-10-11 23:30,수동적 여가|핸드폰,흡연실,대전시 서구 둔산동,실내,혼자,/,/,/,아니요,보통,높음,보통,낮음
2018-10-11 23:30,2018-10-11 23:44,업무,사무실,대전시 서구 둔산동,실내,혼자,/,/,/,아니요,보통,높음,보통,낮음
2018-10-11 23:44,2018-10-11 23:54,취침,사무실,대전시 서구 둔산동,실내,혼자,/,/,/,아니요,긍정,높음,보통,낮음
2018-10-11 23:54,2018-10-12 0:00,업무,사무실,대전시 서구 둔산동,실내,혼자,/,/,/,아니요,보통,높음,보통,낮음
