start_time,end_time,activity,place,address,location,person,food,amount_of_food,meal_type,hunger,emotion,tiredness,temperature,humidity
2018-10-17 0:00,2018-10-17 0:40,이동,야외,대전시 서구 둔산동,실외,혼자,/,/,/,아니요,부정,높음,낮음,매우낮음
2018-10-17 0:40,2018-10-17 2:57,수동적 여가|핸드폰,집,대전시 서구 둔산동,실내,혼자,/,/,/,아니요,보통,매우 높음,낮음,매우낮음
2018-10-17 2:57,2018-10-17 3:12,식사,집,대전시 서구 둔산동,실내,혼자,양식|피자,많음,야식,예,보통,매우 높음,낮음,매우낮음
2018-10-17 3:12,2018-10-17 4:27,취침,집,대전시 서구 둔산동,실내,혼자,/,/,/,아니요,긍정,높음,낮음,매우낮음
2018-10-17 4:27,2018-10-17 4:37,수동적 여가|핸드폰,집,대전시 서구 둔산동,실내,혼자,/,/,/,아니요,긍정,높음,낮음,매우낮음
2018-10-17 4:37,2018-10-17 6:43,취침,집,대전시 서구 둔산동,실내,혼자,/,/,/,아니요,긍정,매우 낮음,낮음,매우낮음
2018-10-17 6:43,2018-10-17 7:13,식사,집,대전시 서구 둔산동,실내,혼자,기타|라면,적음,아침,예,보통,낮음,낮음,매우낮음
2018-10-17 7:13,2018-10-17 7:43,기타|목욕,집,대전시 서구 둔산동,실내,혼자,/,/,/,아니요,보통,낮음,낮음,매우낮음
2018-10-17 7:43,2018-10-17 8:23,이동,야외,대전시 서구 둔산동,실외,혼자,/,/,/,아니요,부정,높음,낮음,매우낮음
2018-10-17 8:23,2018-10-17 9:29,업무,사무실,대전시 서구 둔산동,실내,혼자,/,/,/,아니요,보통,높음,낮음,매우낮음
2018-10-17 9:29,2018-10-17 9:39,수동적 여가|핸드폰,매점,대전시 서구 둔산동,실내,혼자,기타|커피,매우 적음,기타,아니요,보통,매우 높음,낮음,매우낮음
2018-10-17 9:39,2018-10-17 10:41,업무,사무실,대전시 서구 둔산동,실내,혼자,/,/,/,아니요,보통,높음,낮음,매우낮음
2018-10-17 10:41,2018-10-17 10:51,수동적 여가|핸드폰,흡연실,대전시 서구 둔산동,실내,혼자,/,/,/,아니요,보통,높음,낮음,매우낮음
2018-10-17 10:51,2018-10-17 13:15,업무,사무실,대전시 서구 둔산동,실내,혼자,/,/,/,아니요,보통,매우 높음,낮음,매우낮음
2018-10-17 13:15,2018-10-17 13:40,식사,사무실,대전시 서구 둔산동,실내,데면한 관계,양식|햄버거,많음,점심,예,부정,매우 높음,낮음,매우낮음
2018-10-17 13:40,2018-10-17 13:50,수동적 여가|핸드폰,사무실,대전시 서구 둔산동,실내,데면한 관계,기타|소화제,매우 적음,기타,아니요,부정,매우 높음,낮음,매우낮음
2018-10-17 13:50,2018-10-17 13:57,수동적 여가|핸드폰,매점,대전시 서구 둔산동,실외,데면한 관계,기타|커피,매우 적음,기타,아니요,부정,매우 높음,낮음,매우낮음
2018-10-17 13:57,2018-10-17 15:06,업무,사무실,대전시 서구 둔산동,실내,혼자,/,/,/,아니요,보통,높음,낮음,매우낮음
2018-10-17 15:06,2018-10-17 15:16,수동적 여가|핸드폰,매점,대전시 서구 둔산동,실내,혼자,기타|커피,매우 적음,기타,아니요,보통,높음,낮음,매우낮음
2018-10-17 15:16,2018-10-17 16:23,업무,사무실,대전시 서구 둔산동,실내,혼자,/,/,/,아니요,보통,낮음,낮음,매우낮음
2018-10-17 16:23,2018-10-17 16:33,수동적 여가|핸드폰,흡연실,대전시 서구 둔산동,실내,혼자,/,/,/,아니요,보통,낮음,낮음,매우낮음
2018-10-17 16:33,2018-10-17 19:16,업무,사무실,대전시 서구 둔산동,실내,혼자,/,/,/,아니요,보통,매우 높음,낮음,매우낮음
2018-10-17 19:16,2018-10-17 19:41,식사,사무실,대전시 서구 둔산동,실내,데면한 관계,중식|짬뽕,많음,저녁,예,부정,매우 높음,낮음,매우낮음
2018-10-17 19:41,2018-10-17 19:51,수동적 여가|핸드폰,사무실,대전시 서구 둔산동,실내,데면한 관계,기타|소화제,매우 적음,기타,아니요,부정,매우 높음,낮음,매우낮음
2018-10-17 19:51,2018-10-17 19:56,수동적 여가|핸드폰,매점,대전시 서구 둔산동,실외,데면한 관계,기타|커피,매우 적음,기타,아니요,부정,매우 높음,낮음,매우낮음
2018-10-17 19:56,2018-10-17 21:03,업무,사무실,대전시 서구 둔산동,실내,혼자,/,/,/,아니요,보통,높음,낮음,매우낮음
2018-10-17 21:03,2018-10-17 21:13,수동적 여가|핸드폰,매점,대전시 서구 둔산동,실내,혼자,기타|커피,매우 적음,기타,아니요,보통,높음,낮음,매우낮음
2018-10-17 21:13,2018-10-17 22:21,업무,사무실,대전시 서구 둔산동,실내,혼자,/,/,/,아니요,보통,낮음,낮음,매우낮음
2018-10-17 22:21,2018-10-17 22:31,수동적 여가|핸드폰,흡연실,대전시 서구 둔산동,실내,혼자,/,/,/,아니요,보통,낮음,낮음,매우낮음
2018-10-17 22:31,2018-10-18 0:00,업무,사무실,대전시 서구 둔산동,실내,혼자,/,/,/,아니요,보통,매우 높음,낮음,매우낮음
