﻿start_time,end_time,activity,place,address,location,person,food,amount_of_food,meal_type,hunger,emotion,tiredness,temperature,humidity
2018-9-10 0:00,2018-9-10 1:44,수동적 여가|핸드폰,집,대전시 서구 둔산동,실내,혼자,/,/,/,아니요,긍정,낮음,낮음,매우낮음
2018-9-10 1:44,2018-9-10 5:38,취침,집,대전시 서구 둔산동,실내,혼자,/,/,/,아니요,긍정,매우 낮음,낮음,매우낮음
2018-9-10 5:38,2018-9-10 6:08,식사,집,대전시 서구 둔산동,실내,혼자,기타|라면,적음,아침,예,보통,매우 낮음,낮음,매우낮음
2018-9-10 6:08,2018-9-10 6:38,기타|목욕,집,대전시 서구 둔산동,실내,혼자,/,/,/,아니요,보통,매우 낮음,낮음,매우낮음
2018-9-10 6:38,2018-9-10 7:18,이동,야외,대전시 서구 둔산동,실외,혼자,/,/,/,아니요,부정,낮음,낮음,매우낮음
2018-9-10 7:18,2018-9-10 8:27,업무,사무실,대전시 서구 둔산동,실내,혼자,/,/,/,아니요,보통,높음,낮음,매우낮음
2018-9-10 8:27,2018-9-10 8:37,수동적 여가|핸드폰,흡연실,대전시 서구 둔산동,실내,혼자,/,/,/,아니요,보통,높음,낮음,매우낮음
2018-9-10 8:37,2018-9-10 8:41,업무,사무실,대전시 서구 둔산동,실내,혼자,/,/,/,아니요,보통,높음,낮음,매우낮음
2018-9-10 8:41,2018-9-10 8:51,취침,사무실,대전시 서구 둔산동,실내,혼자,/,/,/,아니요,긍정,높음,낮음,매우낮음
2018-9-10 8:51,2018-9-10 9:42,업무,사무실,대전시 서구 둔산동,실내,혼자,/,/,/,아니요,보통,매우 높음,낮음,매우낮음
2018-9-10 9:42,2018-9-10 9:52,수동적 여가|핸드폰,매점,대전시 서구 둔산동,실내,혼자,기타|커피,매우 적음,기타,아니요,보통,매우 높음,낮음,매우낮음
2018-9-10 9:52,2018-9-10 12:16,업무,사무실,대전시 서구 둔산동,실내,혼자,/,/,/,아니요,보통,매우 높음,낮음,매우낮음
2018-9-10 12:16,2018-9-10 12:41,식사,사무실,대전시 서구 둔산동,실내,데면한 관계,양식|햄버거,많음,점심,예,부정,매우 높음,낮음,매우낮음
2018-9-10 12:41,2018-9-10 12:51,수동적 여가|핸드폰,사무실,대전시 서구 둔산동,실내,데면한 관계,기타|소화제,매우 적음,기타,아니요,부정,매우 높음,낮음,매우낮음
2018-9-10 12:51,2018-9-10 12:52,수동적 여가|핸드폰,매점,대전시 서구 둔산동,실외,데면한 관계,기타|커피,매우 적음,기타,아니요,부정,매우 높음,낮음,매우낮음
2018-9-10 12:52,2018-9-10 13:56,업무,사무실,대전시 서구 둔산동,실내,혼자,/,/,/,아니요,보통,높음,낮음,매우낮음
2018-9-10 13:56,2018-9-10 14:06,수동적 여가|핸드폰,매점,대전시 서구 둔산동,실내,혼자,기타|커피,매우 적음,기타,아니요,보통,매우 높음,낮음,매우낮음
2018-9-10 14:06,2018-9-10 15:15,업무,사무실,대전시 서구 둔산동,실내,혼자,/,/,/,아니요,보통,낮음,낮음,매우낮음
2018-9-10 15:15,2018-9-10 15:25,수동적 여가|핸드폰,흡연실,대전시 서구 둔산동,실내,혼자,/,/,/,아니요,보통,높음,낮음,매우낮음
2018-9-10 15:25,2018-9-10 16:06,업무,사무실,대전시 서구 둔산동,실내,혼자,/,/,/,아니요,보통,높음,낮음,매우낮음
2018-9-10 16:06,2018-9-10 16:16,취침,사무실,대전시 서구 둔산동,실내,혼자,/,/,/,아니요,긍정,높음,낮음,매우낮음
2018-9-10 16:16,2018-9-10 18:09,업무,사무실,대전시 서구 둔산동,실내,혼자,/,/,/,아니요,보통,매우 높음,낮음,매우낮음
2018-9-10 18:09,2018-9-10 18:34,식사,사무실,대전시 서구 둔산동,실내,데면한 관계,양식|피자,많음,저녁,예,부정,매우 높음,낮음,매우낮음
2018-9-10 18:34,2018-9-10 18:44,수동적 여가|핸드폰,사무실,대전시 서구 둔산동,실내,데면한 관계,기타|소화제,매우 적음,기타,아니요,부정,매우 높음,낮음,매우낮음
2018-9-10 18:44,2018-9-10 18:45,수동적 여가|핸드폰,매점,대전시 서구 둔산동,실외,데면한 관계,기타|커피,매우 적음,기타,아니요,부정,매우 높음,낮음,매우낮음
2018-9-10 18:45,2018-9-10 19:50,업무,사무실,대전시 서구 둔산동,실내,혼자,/,/,/,아니요,보통,높음,낮음,매우낮음
2018-9-10 19:50,2018-9-10 20:00,수동적 여가|핸드폰,매점,대전시 서구 둔산동,실내,혼자,기타|커피,매우 적음,기타,아니요,보통,높음,낮음,매우낮음
2018-9-10 20:00,2018-9-10 21:00,업무,사무실,대전시 서구 둔산동,실내,혼자,/,/,/,아니요,보통,낮음,낮음,매우낮음
2018-9-10 21:00,2018-9-10 21:10,수동적 여가|핸드폰,흡연실,대전시 서구 둔산동,실내,혼자,/,/,/,아니요,보통,낮음,낮음,매우낮음
2018-9-10 21:10,2018-9-10 23:46,업무,사무실,대전시 서구 둔산동,실내,혼자,/,/,/,아니요,보통,매우 높음,보통,매우낮음
2018-9-10 23:46,2018-9-11 0:00,이동,야외,대전시 서구 둔산동,실외,혼자,/,/,/,아니요,보통,매우 높음,보통,매우낮음
