start_time,end_time,activity,place,address,location,person,food,amount_of_food,meal_type,hunger,emotion,tiredness,temperature,humidity
2018-10-12 0:00,2018-10-12 0:40,이동,야외,대전시 서구 둔산동,실외,혼자,/,/,/,아니요,부정,높음,보통,낮음
2018-10-12 0:40,2018-10-12 2:55,수동적 여가|핸드폰,집,대전시 서구 둔산동,실내,혼자,/,/,/,아니요,보통,매우 높음,보통,낮음
2018-10-12 2:55,2018-10-12 3:10,식사,집,대전시 서구 둔산동,실내,혼자,중식|탕수육,많음,야식,예,보통,매우 높음,보통,낮음
2018-10-12 3:10,2018-10-12 3:39,수동적 여가|핸드폰,집,대전시 서구 둔산동,실내,혼자,/,/,/,아니요,보통,매우 높음,보통,낮음
2018-10-12 3:39,2018-10-12 5:19,취침,집,대전시 서구 둔산동,실내,혼자,/,/,/,아니요,긍정,높음,보통,낮음
2018-10-12 5:19,2018-10-12 5:29,수동적 여가|핸드폰,집,대전시 서구 둔산동,실내,혼자,/,/,/,아니요,긍정,높음,보통,낮음
2018-10-12 5:29,2018-10-12 9:04,취침,집,대전시 서구 둔산동,실내,혼자,/,/,/,아니요,긍정,매우 낮음,낮음,낮음
2018-10-12 9:04,2018-10-12 9:34,식사,집,대전시 서구 둔산동,실내,혼자,기타|라면,적음,아침,예,보통,매우 낮음,낮음,낮음
2018-10-12 9:34,2018-10-12 10:04,기타|목욕,집,대전시 서구 둔산동,실내,혼자,/,/,/,아니요,보통,매우 낮음,낮음,낮음
2018-10-12 10:04,2018-10-12 10:44,이동,야외,대전시 서구 둔산동,실외,혼자,/,/,/,아니요,보통,낮음,낮음,낮음
2018-10-12 10:44,2018-10-12 11:52,업무,사무실,대전시 서구 둔산동,실내,혼자,/,/,/,아니요,보통,높음,낮음,낮음
2018-10-12 11:52,2018-10-12 12:02,수동적 여가|핸드폰,흡연실,대전시 서구 둔산동,실내,혼자,/,/,/,아니요,보통,높음,낮음,낮음
2018-10-12 12:02,2018-10-12 12:42,업무,사무실,대전시 서구 둔산동,실내,혼자,/,/,/,아니요,보통,매우 높음,낮음,낮음
2018-10-12 12:42,2018-10-12 12:52,취침,사무실,대전시 서구 둔산동,실내,혼자,/,/,/,아니요,긍정,매우 높음,낮음,낮음
2018-10-12 12:52,2018-10-12 13:03,업무,사무실,대전시 서구 둔산동,실내,혼자,/,/,/,아니요,보통,매우 높음,낮음,낮음
2018-10-12 13:03,2018-10-12 13:13,수동적 여가|핸드폰,매점,대전시 서구 둔산동,실내,혼자,기타|커피,매우 적음,기타,아니요,보통,매우 높음,낮음,낮음
2018-10-12 13:13,2018-10-12 15:46,업무,사무실,대전시 서구 둔산동,실내,혼자,/,/,/,아니요,보통,매우 높음,낮음,낮음
2018-10-12 15:46,2018-10-12 16:11,식사,사무실,대전시 서구 둔산동,실내,데면한 관계,중식|짜장면,많음,점심,예,부정,매우 높음,낮음,낮음
2018-10-12 16:11,2018-10-12 16:21,수동적 여가|핸드폰,사무실,대전시 서구 둔산동,실내,데면한 관계,기타|소화제,매우 적음,기타,아니요,부정,매우 높음,낮음,낮음
2018-10-12 16:21,2018-10-12 16:22,수동적 여가|핸드폰,매점,대전시 서구 둔산동,실외,데면한 관계,기타|커피,매우 적음,기타,아니요,부정,매우 높음,낮음,낮음
2018-10-12 16:22,2018-10-12 17:29,업무,사무실,대전시 서구 둔산동,실내,혼자,/,/,/,아니요,보통,높음,낮음,낮음
2018-10-12 17:29,2018-10-12 17:39,수동적 여가|핸드폰,매점,대전시 서구 둔산동,실내,혼자,기타|커피,매우 적음,기타,아니요,보통,높음,낮음,낮음
2018-10-12 17:39,2018-10-12 18:40,업무,사무실,대전시 서구 둔산동,실내,혼자,/,/,/,아니요,보통,낮음,낮음,낮음
2018-10-12 18:40,2018-10-12 18:50,수동적 여가|핸드폰,흡연실,대전시 서구 둔산동,실내,혼자,/,/,/,아니요,보통,낮음,낮음,낮음
2018-10-12 18:50,2018-10-12 21:24,업무,사무실,대전시 서구 둔산동,실내,혼자,/,/,/,아니요,보통,매우 높음,낮음,낮음
2018-10-12 21:24,2018-10-12 21:49,식사,사무실,대전시 서구 둔산동,실내,데면한 관계,중식|짬뽕,많음,저녁,예,부정,매우 높음,낮음,낮음
2018-10-12 21:49,2018-10-12 21:59,수동적 여가|핸드폰,사무실,대전시 서구 둔산동,실내,데면한 관계,기타|소화제,매우 적음,기타,아니요,부정,매우 높음,낮음,낮음
2018-10-12 21:59,2018-10-12 22:08,수동적 여가|핸드폰,매점,대전시 서구 둔산동,실외,데면한 관계,기타|커피,매우 적음,기타,아니요,부정,매우 높음,낮음,낮음
2018-10-12 22:08,2018-10-12 23:12,업무,사무실,대전시 서구 둔산동,실내,혼자,/,/,/,아니요,보통,높음,낮음,낮음
2018-10-12 23:12,2018-10-12 23:22,수동적 여가|핸드폰,매점,대전시 서구 둔산동,실내,혼자,기타|커피,매우 적음,기타,아니요,보통,높음,낮음,낮음
2018-10-12 23:22,2018-10-13 0:00,업무,사무실,대전시 서구 둔산동,실내,혼자,/,/,/,아니요,보통,낮음,낮음,낮음
