start_time,end_time,activity,place,address,location,person,food,amount_of_food,meal_type,hunger,emotion,tiredness,temperature,humidity
2018-10-5 0:00,2018-10-5 0:24,이동,야외,대전시 서구 둔산동,실외,혼자,/,/,/,아니요,부정,매우 높음,낮음,매우낮음
2018-10-5 0:24,2018-10-5 1:34,수동적 여가|핸드폰,집,대전시 서구 둔산동,실내,혼자,/,/,/,아니요,긍정,매우 높음,낮음,매우낮음
2018-10-5 1:34,2018-10-5 1:49,식사,집,대전시 서구 둔산동,실내,혼자,중식|탕수육,많음,야식,예,보통,매우 높음,낮음,매우낮음
2018-10-5 1:49,2018-10-5 2:11,수동적 여가|핸드폰,집,대전시 서구 둔산동,실내,혼자,/,/,/,아니요,보통,매우 높음,낮음,매우낮음
2018-10-5 2:11,2018-10-5 5:38,취침,집,대전시 서구 둔산동,실내,혼자,/,/,/,아니요,긍정,매우 낮음,낮음,매우낮음
2018-10-5 5:38,2018-10-5 5:48,수동적 여가|핸드폰,집,대전시 서구 둔산동,실내,혼자,/,/,/,아니요,긍정,매우 낮음,낮음,매우낮음
2018-10-5 5:48,2018-10-5 7:36,취침,집,대전시 서구 둔산동,실내,혼자,/,/,/,아니요,긍정,매우 낮음,낮음,매우낮음
2018-10-5 7:36,2018-10-5 8:06,식사,집,대전시 서구 둔산동,실내,혼자,기타|라면,적음,아침,예,보통,매우 낮음,낮음,매우낮음
2018-10-5 8:06,2018-10-5 8:36,기타|목욕,집,대전시 서구 둔산동,실내,혼자,/,/,/,아니요,보통,매우 낮음,낮음,매우낮음
2018-10-5 8:36,2018-10-5 9:16,이동,야외,대전시 서구 둔산동,실외,혼자,/,/,/,아니요,보통,낮음,낮음,매우낮음
2018-10-5 9:16,2018-10-5 10:19,업무,사무실,대전시 서구 둔산동,실내,혼자,/,/,/,아니요,보통,높음,낮음,매우낮음
2018-10-5 10:19,2018-10-5 10:29,수동적 여가|핸드폰,흡연실,대전시 서구 둔산동,실내,혼자,/,/,/,아니요,보통,높음,낮음,매우낮음
2018-10-5 10:29,2018-10-5 11:36,업무,사무실,대전시 서구 둔산동,실내,혼자,/,/,/,아니요,보통,매우 높음,낮음,매우낮음
2018-10-5 11:36,2018-10-5 11:46,수동적 여가|핸드폰,매점,대전시 서구 둔산동,실내,혼자,기타|커피,매우 적음,기타,아니요,보통,매우 높음,낮음,매우낮음
2018-10-5 11:46,2018-10-5 14:17,업무,사무실,대전시 서구 둔산동,실내,혼자,/,/,/,아니요,보통,매우 높음,낮음,매우낮음
2018-10-5 14:17,2018-10-5 14:42,식사,사무실,대전시 서구 둔산동,실내,데면한 관계,한식|백반,많음,점심,예,부정,매우 높음,낮음,매우낮음
2018-10-5 14:42,2018-10-5 14:52,수동적 여가|핸드폰,사무실,대전시 서구 둔산동,실내,데면한 관계,기타|소화제,매우 적음,기타,아니요,부정,매우 높음,낮음,매우낮음
2018-10-5 14:52,2018-10-5 14:54,수동적 여가|핸드폰,매점,대전시 서구 둔산동,실외,데면한 관계,기타|커피,매우 적음,기타,아니요,부정,매우 높음,낮음,매우낮음
2018-10-5 14:54,2018-10-5 16:02,업무,사무실,대전시 서구 둔산동,실내,혼자,/,/,/,아니요,보통,높음,낮음,매우낮음
2018-10-5 16:02,2018-10-5 16:12,수동적 여가|핸드폰,매점,대전시 서구 둔산동,실내,혼자,기타|커피,매우 적음,기타,아니요,보통,높음,낮음,매우낮음
2018-10-5 16:12,2018-10-5 17:19,업무,사무실,대전시 서구 둔산동,실내,혼자,/,/,/,아니요,보통,낮음,낮음,매우낮음
2018-10-5 17:19,2018-10-5 17:29,수동적 여가|핸드폰,흡연실,대전시 서구 둔산동,실내,혼자,/,/,/,아니요,보통,낮음,낮음,매우낮음
2018-10-5 17:29,2018-10-5 19:51,업무,사무실,대전시 서구 둔산동,실내,혼자,/,/,/,아니요,보통,매우 높음,낮음,매우낮음
2018-10-5 19:51,2018-10-5 20:16,식사,사무실,대전시 서구 둔산동,실내,데면한 관계,한식|갈비탕,많음,저녁,예,부정,매우 높음,낮음,매우낮음
2018-10-5 20:16,2018-10-5 20:26,수동적 여가|핸드폰,사무실,대전시 서구 둔산동,실내,데면한 관계,기타|소화제,매우 적음,기타,아니요,부정,매우 높음,낮음,매우낮음
2018-10-5 20:26,2018-10-5 20:38,수동적 여가|핸드폰,매점,대전시 서구 둔산동,실외,데면한 관계,기타|커피,매우 적음,기타,아니요,부정,매우 높음,낮음,매우낮음
2018-10-5 20:38,2018-10-5 21:44,업무,사무실,대전시 서구 둔산동,실내,혼자,/,/,/,아니요,보통,매우 높음,낮음,매우낮음
2018-10-5 21:44,2018-10-5 21:54,수동적 여가|핸드폰,매점,대전시 서구 둔산동,실내,혼자,기타|커피,매우 적음,기타,아니요,보통,매우 높음,낮음,매우낮음
2018-10-5 21:54,2018-10-5 23:03,업무,사무실,대전시 서구 둔산동,실내,혼자,/,/,/,아니요,보통,낮음,낮음,매우낮음
2018-10-5 23:03,2018-10-5 23:13,수동적 여가|핸드폰,흡연실,대전시 서구 둔산동,실내,혼자,/,/,/,아니요,보통,높음,낮음,매우낮음
2018-10-5 23:13,2018-10-5 23:31,업무,사무실,대전시 서구 둔산동,실내,혼자,/,/,/,아니요,보통,높음,낮음,매우낮음
2018-10-5 23:31,2018-10-5 23:41,취침,사무실,대전시 서구 둔산동,실내,혼자,/,/,/,아니요,긍정,높음,낮음,매우낮음
2018-10-5 23:41,2018-10-6 0:00,업무,사무실,대전시 서구 둔산동,실내,혼자,/,/,/,아니요,보통,높음,낮음,매우낮음
