start_time,end_time,activity,place,address,location,person,food,amount_of_food,meal_type,hunger,emotion,tiredness,temperature,humidity
2018-9-12 0:00,2018-9-12 0:40,이동,야외,대전시 서구 둔산동,실외,혼자,/,/,/,아니요,보통,매우 높음,보통,매우낮음
2018-9-12 0:40,2018-9-12 2:45,수동적 여가|핸드폰,집,대전시 서구 둔산동,실내,혼자,/,/,/,아니요,보통,매우 높음,보통,매우낮음
2018-9-12 2:45,2018-9-12 3:00,식사,집,대전시 서구 둔산동,실내,혼자,중식|탕수육,많음,야식,예,보통,매우 높음,보통,매우낮음
2018-9-12 3:00,2018-9-12 6:32,취침,집,대전시 서구 둔산동,실내,혼자,/,/,/,아니요,긍정,낮음,보통,매우낮음
2018-9-12 6:32,2018-9-12 6:42,수동적 여가|핸드폰,집,대전시 서구 둔산동,실내,혼자,/,/,/,아니요,보통,낮음,보통,낮음
2018-9-12 6:42,2018-9-12 7:47,취침,집,대전시 서구 둔산동,실내,혼자,/,/,/,아니요,긍정,매우 낮음,보통,낮음
2018-9-12 7:47,2018-9-12 8:17,식사,집,대전시 서구 둔산동,실내,혼자,기타|라면,적음,아침,예,보통,매우 낮음,보통,낮음
2018-9-12 8:17,2018-9-12 8:47,기타|목욕,집,대전시 서구 둔산동,실내,혼자,/,/,/,아니요,보통,낮음,보통,낮음
2018-9-12 8:47,2018-9-12 9:27,이동,야외,대전시 서구 둔산동,실외,혼자,/,/,/,아니요,부정,낮음,보통,낮음
2018-9-12 9:27,2018-9-12 10:30,업무,사무실,대전시 서구 둔산동,실내,혼자,/,/,/,아니요,보통,높음,보통,낮음
2018-9-12 10:30,2018-9-12 10:40,수동적 여가|핸드폰,매점,대전시 서구 둔산동,실내,혼자,기타|커피,매우 적음,기타,아니요,보통,매우 높음,보통,낮음
2018-9-12 10:40,2018-9-12 11:48,업무,사무실,대전시 서구 둔산동,실내,혼자,/,/,/,아니요,보통,높음,보통,낮음
2018-9-12 11:48,2018-9-12 11:58,수동적 여가|핸드폰,흡연실,대전시 서구 둔산동,실내,혼자,/,/,/,아니요,보통,높음,보통,낮음
2018-9-12 11:58,2018-9-12 12:19,업무,사무실,대전시 서구 둔산동,실내,혼자,/,/,/,아니요,보통,높음,보통,낮음
2018-9-12 12:19,2018-9-12 12:29,취침,사무실,대전시 서구 둔산동,실내,혼자,/,/,/,아니요,긍정,높음,보통,낮음
2018-9-12 12:29,2018-9-12 14:35,업무,사무실,대전시 서구 둔산동,실내,혼자,/,/,/,아니요,보통,매우 높음,보통,낮음
2018-9-12 14:35,2018-9-12 15:00,식사,사무실,대전시 서구 둔산동,실내,데면한 관계,한식|백반,많음,점심,예,부정,매우 높음,보통,낮음
2018-9-12 15:00,2018-9-12 15:10,수동적 여가|핸드폰,사무실,대전시 서구 둔산동,실내,데면한 관계,기타|소화제,매우 적음,기타,아니요,부정,매우 높음,보통,낮음
2018-9-12 15:10,2018-9-12 15:15,수동적 여가|핸드폰,매점,대전시 서구 둔산동,실외,데면한 관계,기타|커피,매우 적음,기타,아니요,부정,매우 높음,보통,낮음
2018-9-12 15:15,2018-9-12 16:15,업무,사무실,대전시 서구 둔산동,실내,혼자,/,/,/,아니요,보통,높음,보통,낮음
2018-9-12 16:15,2018-9-12 16:25,수동적 여가|핸드폰,매점,대전시 서구 둔산동,실내,혼자,기타|커피,매우 적음,기타,아니요,보통,매우 높음,보통,낮음
2018-9-12 16:25,2018-9-12 17:29,업무,사무실,대전시 서구 둔산동,실내,혼자,/,/,/,아니요,보통,낮음,보통,낮음
2018-9-12 17:29,2018-9-12 17:39,수동적 여가|핸드폰,흡연실,대전시 서구 둔산동,실내,혼자,/,/,/,아니요,보통,높음,보통,낮음
2018-9-12 17:39,2018-9-12 18:06,업무,사무실,대전시 서구 둔산동,실내,혼자,/,/,/,아니요,보통,높음,보통,낮음
2018-9-12 18:06,2018-9-12 18:16,취침,사무실,대전시 서구 둔산동,실내,혼자,/,/,/,아니요,긍정,높음,보통,낮음
2018-9-12 18:16,2018-9-12 20:29,업무,사무실,대전시 서구 둔산동,실내,혼자,/,/,/,아니요,보통,매우 높음,보통,낮음
2018-9-12 20:29,2018-9-12 20:54,식사,사무실,대전시 서구 둔산동,실내,데면한 관계,양식|피자,많음,저녁,예,부정,매우 높음,보통,낮음
2018-9-12 20:54,2018-9-12 21:04,수동적 여가|핸드폰,사무실,대전시 서구 둔산동,실내,데면한 관계,기타|소화제,매우 적음,기타,아니요,부정,매우 높음,보통,낮음
2018-9-12 21:04,2018-9-12 21:17,수동적 여가|핸드폰,매점,대전시 서구 둔산동,실외,데면한 관계,기타|커피,매우 적음,기타,아니요,부정,매우 높음,보통,낮음
2018-9-12 21:17,2018-9-12 22:21,업무,사무실,대전시 서구 둔산동,실내,혼자,/,/,/,아니요,보통,높음,보통,낮음
2018-9-12 22:21,2018-9-12 22:31,수동적 여가|핸드폰,매점,대전시 서구 둔산동,실내,혼자,기타|커피,매우 적음,기타,아니요,보통,높음,보통,낮음
2018-9-12 22:31,2018-9-12 23:35,업무,사무실,대전시 서구 둔산동,실내,혼자,/,/,/,아니요,보통,낮음,보통,낮음
2018-9-12 23:35,2018-9-12 23:45,수동적 여가|핸드폰,흡연실,대전시 서구 둔산동,실내,혼자,/,/,/,아니요,보통,낮음,보통,낮음
2018-9-12 23:45,2018-9-13 0:00,업무,사무실,대전시 서구 둔산동,실내,혼자,/,/,/,아니요,보통,낮음,보통,낮음
