start_time,end_time,activity,place,address,location,person,food,amount_of_food,meal_type,hunger,emotion,tiredness,temperature,humidity
2018-9-22 0:00,2018-9-22 2:30,수동적 여가|핸드폰,집,대전시 서구 둔산동,실내,혼자,/,/,/,아니요,긍정,높음,낮음,매우낮음
2018-9-22 2:30,2018-9-22 2:45,식사,집,대전시 서구 둔산동,실내,혼자,중식|탕수육,많음,야식,예,보통,높음,낮음,매우낮음
2018-9-22 2:45,2018-9-22 3:38,수동적 여가|핸드폰,집,대전시 서구 둔산동,실내,혼자,/,/,/,아니요,보통,매우 높음,낮음,매우낮음
2018-9-22 3:38,2018-9-22 6:07,취침,집,대전시 서구 둔산동,실내,혼자,/,/,/,아니요,긍정,높음,낮음,매우낮음
2018-9-22 6:07,2018-9-22 6:16,수동적 여가|핸드폰,집,대전시 서구 둔산동,실내,혼자,/,/,/,아니요,부정,높음,낮음,매우낮음
2018-9-22 6:16,2018-9-22 8:11,취침,집,대전시 서구 둔산동,실내,혼자,/,/,/,아니요,긍정,낮음,낮음,매우낮음
2018-9-22 8:11,2018-9-22 8:18,수동적 여가|핸드폰,집,대전시 서구 둔산동,실내,혼자,/,/,/,아니요,부정,낮음,낮음,매우낮음
2018-9-22 8:18,2018-9-22 10:59,취침,집,대전시 서구 둔산동,실내,혼자,/,/,/,예,긍정,매우 낮음,낮음,매우낮음
2018-9-22 10:59,2018-9-22 12:05,능동적 여가|독서,집,대전시 서구 둔산동,실내,혼자,/,/,/,예,긍정,매우 낮음,낮음,매우낮음
2018-9-22 12:05,2018-9-22 12:35,식사,집,대전시 서구 둔산동,실내,혼자,기타|라면,적음,아침,예,긍정,매우 낮음,낮음,매우낮음
2018-9-22 12:35,2018-9-22 12:45,수동적 여가|핸드폰,집,대전시 서구 둔산동,실내,혼자,기타|소화제,매우 적음,기타,아니요,보통,매우 낮음,낮음,매우낮음
2018-9-22 12:45,2018-9-22 14:04,능동적 여가|독서,집,대전시 서구 둔산동,실내,혼자,/,/,/,아니요,긍정,낮음,낮음,매우낮음
2018-9-22 14:04,2018-9-22 15:12,능동적 여가|독서,집,대전시 서구 둔산동,실내,혼자,/,/,/,아니요,긍정,높음,낮음,매우낮음
2018-9-22 15:12,2018-9-22 16:23,능동적 여가|독서,집,대전시 서구 둔산동,실내,혼자,/,/,/,아니요,긍정,높음,낮음,매우낮음
2018-9-22 16:23,2018-9-22 17:44,능동적 여가|독서,집,대전시 서구 둔산동,실내,혼자,/,/,/,예,긍정,매우 높음,낮음,매우낮음
2018-9-22 17:44,2018-9-22 18:14,식사,집,대전시 서구 둔산동,실내,혼자,한식|백반,많음,점심,예,긍정,매우 높음,낮음,매우낮음
2018-9-22 18:14,2018-9-22 18:24,수동적 여가|핸드폰,집,대전시 서구 둔산동,실내,혼자,기타|소화제,매우 적음,기타,아니요,보통,매우 높음,낮음,매우낮음
2018-9-22 18:24,2018-9-22 21:23,취침,집,대전시 서구 둔산동,실내,혼자,/,/,/,아니요,긍정,높음,낮음,매우낮음
2018-9-22 21:23,2018-9-22 21:33,수동적 여가|핸드폰,집,대전시 서구 둔산동,실내,혼자,/,/,/,아니요,부정,높음,낮음,매우낮음
2018-9-22 21:33,2018-9-23 0:00,취침,집,대전시 서구 둔산동,실내,혼자,/,/,/,예,긍정,매우 낮음,낮음,매우낮음
