start_time,end_time,activity,place,address,location,person,food,amount_of_food,meal_type,hunger,emotion,tiredness,temperature,humidity
2018-10-2 0:00,2018-10-2 0:40,이동,야외,대전시 서구 둔산동,실외,혼자,/,/,/,아니요,보통,높음,낮음,매우낮음
2018-10-2 0:40,2018-10-2 1:36,수동적 여가|핸드폰,집,대전시 서구 둔산동,실내,혼자,/,/,/,아니요,보통,높음,낮음,매우낮음
2018-10-2 1:36,2018-10-2 1:51,식사,집,대전시 서구 둔산동,실내,혼자,일식|초밥,많음,야식,예,보통,매우 높음,낮음,매우낮음
2018-10-2 1:51,2018-10-2 2:48,수동적 여가|핸드폰,집,대전시 서구 둔산동,실내,혼자,/,/,/,아니요,긍정,매우 높음,낮음,매우낮음
2018-10-2 2:48,2018-10-2 9:02,취침,집,대전시 서구 둔산동,실내,혼자,/,/,/,아니요,긍정,매우 낮음,낮음,매우낮음
2018-10-2 9:02,2018-10-2 9:12,수동적 여가|핸드폰,집,대전시 서구 둔산동,실내,혼자,/,/,/,아니요,긍정,매우 낮음,낮음,매우낮음
2018-10-2 9:12,2018-10-2 9:32,취침,집,대전시 서구 둔산동,실내,혼자,/,/,/,아니요,긍정,매우 낮음,낮음,매우낮음
2018-10-2 9:32,2018-10-2 10:02,기타|목욕,집,대전시 서구 둔산동,실내,혼자,/,/,/,아니요,보통,매우 낮음,낮음,매우낮음
2018-10-2 10:02,2018-10-2 10:42,이동,야외,대전시 서구 둔산동,실외,혼자,/,/,/,아니요,보통,매우 낮음,낮음,매우낮음
2018-10-2 10:42,2018-10-2 11:50,업무,사무실,대전시 서구 둔산동,실내,혼자,/,/,/,아니요,보통,낮음,낮음,매우낮음
2018-10-2 11:50,2018-10-2 12:00,수동적 여가|핸드폰,흡연실,대전시 서구 둔산동,실내,혼자,/,/,/,아니요,보통,높음,낮음,매우낮음
2018-10-2 12:00,2018-10-2 13:01,업무,사무실,대전시 서구 둔산동,실내,혼자,/,/,/,아니요,보통,높음,낮음,매우낮음
2018-10-2 13:01,2018-10-2 13:11,수동적 여가|핸드폰,매점,대전시 서구 둔산동,실내,혼자,기타|커피,매우 적음,기타,아니요,보통,높음,낮음,매우낮음
2018-10-2 13:11,2018-10-2 15:52,업무,사무실,대전시 서구 둔산동,실내,혼자,/,/,/,아니요,보통,매우 높음,낮음,매우낮음
2018-10-2 15:52,2018-10-2 16:17,식사,사무실,대전시 서구 둔산동,실내,데면한 관계,한식|백반,많음,점심,예,부정,매우 높음,낮음,매우낮음
2018-10-2 16:17,2018-10-2 16:27,수동적 여가|핸드폰,사무실,대전시 서구 둔산동,실내,데면한 관계,기타|소화제,매우 적음,기타,아니요,부정,매우 높음,낮음,매우낮음
2018-10-2 16:27,2018-10-2 16:29,수동적 여가|핸드폰,매점,대전시 서구 둔산동,실외,데면한 관계,기타|커피,매우 적음,기타,아니요,부정,매우 높음,낮음,매우낮음
2018-10-2 16:29,2018-10-2 17:32,업무,사무실,대전시 서구 둔산동,실내,혼자,/,/,/,아니요,보통,높음,낮음,매우낮음
2018-10-2 17:32,2018-10-2 17:42,수동적 여가|핸드폰,매점,대전시 서구 둔산동,실내,혼자,기타|커피,매우 적음,기타,아니요,보통,매우 높음,낮음,매우낮음
2018-10-2 17:42,2018-10-2 18:45,업무,사무실,대전시 서구 둔산동,실내,혼자,/,/,/,아니요,보통,낮음,낮음,매우낮음
2018-10-2 18:45,2018-10-2 18:55,수동적 여가|핸드폰,흡연실,대전시 서구 둔산동,실내,혼자,/,/,/,아니요,보통,높음,낮음,매우낮음
2018-10-2 18:55,2018-10-2 19:21,업무,사무실,대전시 서구 둔산동,실내,혼자,/,/,/,아니요,보통,높음,낮음,매우낮음
2018-10-2 19:21,2018-10-2 19:31,취침,사무실,대전시 서구 둔산동,실내,혼자,/,/,/,아니요,긍정,높음,낮음,매우낮음
2018-10-2 19:31,2018-10-2 21:21,업무,사무실,대전시 서구 둔산동,실내,혼자,/,/,/,아니요,보통,매우 높음,낮음,매우낮음
2018-10-2 21:21,2018-10-2 21:46,식사,사무실,대전시 서구 둔산동,실내,데면한 관계,양식|피자,많음,저녁,예,부정,매우 높음,낮음,매우낮음
2018-10-2 21:46,2018-10-2 21:56,수동적 여가|핸드폰,사무실,대전시 서구 둔산동,실내,데면한 관계,기타|소화제,매우 적음,기타,아니요,부정,매우 높음,낮음,매우낮음
2018-10-2 21:56,2018-10-2 22:03,업무,사무실,대전시 서구 둔산동,실내,혼자,/,/,/,아니요,보통,매우 높음,낮음,매우낮음
2018-10-2 22:03,2018-10-2 22:13,취침,사무실,대전시 서구 둔산동,실내,혼자,/,/,/,아니요,긍정,매우 높음,낮음,매우낮음
2018-10-2 22:13,2018-10-2 23:00,업무,사무실,대전시 서구 둔산동,실내,혼자,/,/,/,아니요,보통,매우 높음,낮음,매우낮음
2018-10-2 23:00,2018-10-2 23:10,수동적 여가|핸드폰,매점,대전시 서구 둔산동,실내,혼자,기타|커피,매우 적음,기타,아니요,보통,매우 높음,낮음,매우낮음
2018-10-2 23:10,2018-10-3 0:00,업무,사무실,대전시 서구 둔산동,실내,혼자,/,/,/,아니요,보통,높음,낮음,매우낮음
