start_time,end_time,activity,place,address,location,person,food,amount_of_food,meal_type,hunger,emotion,tiredness,temperature,humidity
2018-10-10 0:00,2018-10-10 0:40,이동,야외,대전시 서구 둔산동,실외,혼자,/,/,/,아니요,보통,낮음,보통,낮음
2018-10-10 0:40,2018-10-10 2:29,수동적 여가|핸드폰,집,대전시 서구 둔산동,실내,혼자,/,/,/,아니요,긍정,높음,보통,낮음
2018-10-10 2:29,2018-10-10 2:44,식사,집,대전시 서구 둔산동,실내,혼자,양식|피자,많음,야식,예,보통,높음,보통,낮음
2018-10-10 2:44,2018-10-10 3:07,수동적 여가|핸드폰,집,대전시 서구 둔산동,실내,혼자,/,/,/,아니요,긍정,높음,보통,낮음
2018-10-10 3:07,2018-10-10 4:46,취침,집,대전시 서구 둔산동,실내,혼자,/,/,/,아니요,긍정,낮음,보통,낮음
2018-10-10 4:46,2018-10-10 4:56,수동적 여가|핸드폰,집,대전시 서구 둔산동,실내,혼자,/,/,/,아니요,긍정,낮음,보통,낮음
2018-10-10 4:56,2018-10-10 7:44,취침,집,대전시 서구 둔산동,실내,혼자,/,/,/,아니요,긍정,매우 낮음,보통,낮음
2018-10-10 7:44,2018-10-10 8:14,식사,집,대전시 서구 둔산동,실내,혼자,기타|라면,적음,아침,예,보통,매우 낮음,보통,낮음
2018-10-10 8:14,2018-10-10 8:44,기타|목욕,집,대전시 서구 둔산동,실내,혼자,/,/,/,아니요,보통,매우 낮음,보통,낮음
2018-10-10 8:44,2018-10-10 9:24,이동,야외,대전시 서구 둔산동,실외,혼자,/,/,/,아니요,부정,낮음,보통,낮음
2018-10-10 9:24,2018-10-10 10:33,업무,사무실,대전시 서구 둔산동,실내,혼자,/,/,/,아니요,보통,높음,보통,낮음
2018-10-10 10:33,2018-10-10 10:43,수동적 여가|핸드폰,흡연실,대전시 서구 둔산동,실내,혼자,/,/,/,아니요,보통,높음,보통,낮음
2018-10-10 10:43,2018-10-10 11:46,업무,사무실,대전시 서구 둔산동,실내,혼자,/,/,/,아니요,보통,매우 높음,보통,낮음
2018-10-10 11:46,2018-10-10 11:56,수동적 여가|핸드폰,매점,대전시 서구 둔산동,실내,혼자,기타|커피,매우 적음,기타,아니요,보통,매우 높음,보통,낮음
2018-10-10 11:56,2018-10-10 14:17,업무,사무실,대전시 서구 둔산동,실내,혼자,/,/,/,아니요,보통,매우 높음,보통,낮음
2018-10-10 14:17,2018-10-10 14:42,식사,사무실,대전시 서구 둔산동,실내,데면한 관계,일식|초밥,많음,점심,예,부정,매우 높음,보통,낮음
2018-10-10 14:42,2018-10-10 14:52,수동적 여가|핸드폰,사무실,대전시 서구 둔산동,실내,데면한 관계,기타|소화제,매우 적음,기타,아니요,부정,매우 높음,보통,낮음
2018-10-10 14:52,2018-10-10 14:53,수동적 여가|핸드폰,매점,대전시 서구 둔산동,실외,데면한 관계,기타|커피,매우 적음,기타,아니요,부정,매우 높음,보통,낮음
2018-10-10 14:53,2018-10-10 15:56,업무,사무실,대전시 서구 둔산동,실내,혼자,/,/,/,아니요,보통,높음,보통,낮음
2018-10-10 15:56,2018-10-10 16:06,수동적 여가|핸드폰,매점,대전시 서구 둔산동,실내,혼자,기타|커피,매우 적음,기타,아니요,보통,매우 높음,보통,낮음
2018-10-10 16:06,2018-10-10 17:11,업무,사무실,대전시 서구 둔산동,실내,혼자,/,/,/,아니요,보통,높음,보통,낮음
2018-10-10 17:11,2018-10-10 17:21,수동적 여가|핸드폰,흡연실,대전시 서구 둔산동,실내,혼자,/,/,/,아니요,보통,높음,보통,낮음
2018-10-10 17:21,2018-10-10 17:53,업무,사무실,대전시 서구 둔산동,실내,혼자,/,/,/,아니요,보통,높음,보통,낮음
2018-10-10 17:53,2018-10-10 18:03,취침,사무실,대전시 서구 둔산동,실내,혼자,/,/,/,아니요,긍정,높음,보통,낮음
2018-10-10 18:03,2018-10-10 19:44,업무,사무실,대전시 서구 둔산동,실내,혼자,/,/,/,아니요,보통,매우 높음,보통,낮음
2018-10-10 19:44,2018-10-10 20:09,식사,사무실,대전시 서구 둔산동,실내,데면한 관계,양식|피자,많음,저녁,예,부정,매우 높음,보통,낮음
2018-10-10 20:09,2018-10-10 20:19,수동적 여가|핸드폰,사무실,대전시 서구 둔산동,실내,데면한 관계,기타|소화제,매우 적음,기타,아니요,부정,매우 높음,보통,낮음
2018-10-10 20:19,2018-10-10 20:28,수동적 여가|핸드폰,매점,대전시 서구 둔산동,실외,데면한 관계,기타|커피,매우 적음,기타,아니요,부정,매우 높음,보통,낮음
2018-10-10 20:28,2018-10-10 21:30,업무,사무실,대전시 서구 둔산동,실내,혼자,/,/,/,아니요,보통,높음,보통,낮음
2018-10-10 21:30,2018-10-10 21:40,수동적 여가|핸드폰,매점,대전시 서구 둔산동,실내,혼자,기타|커피,매우 적음,기타,아니요,보통,높음,보통,낮음
2018-10-10 21:40,2018-10-10 22:42,업무,사무실,대전시 서구 둔산동,실내,혼자,/,/,/,아니요,보통,낮음,보통,낮음
2018-10-10 22:42,2018-10-10 22:52,수동적 여가|핸드폰,흡연실,대전시 서구 둔산동,실내,혼자,/,/,/,아니요,보통,낮음,보통,낮음
2018-10-10 22:52,2018-10-11 0:00,업무,사무실,대전시 서구 둔산동,실내,혼자,/,/,/,아니요,보통,높음,보통,낮음
