start_time,end_time,activity,place,address,location,person,food,amount_of_food,meal_type,hunger,emotion,tiredness,temperature,humidity
2018-08-25 0:00,2018-08-25 0:40,기타|뒤척임,집,서울시 중구 신당동,실내,혼자,/,/,/,아니오,부정,높음,보통,높음
2018-08-25 0:40,2018-08-25 1:20,수면,집,서울시 중구 신당동,실내,혼자,/,/,/,예,보통,보통,보통,높음
2018-08-25 1:20,2018-08-25 1:40,식사,집,서울시 중구 신당동,실내,혼자,기타|생라면,적음,야식,예,부정,매우 높음,보통,높음
2018-08-25 1:40,2018-08-25 2:00,수동적 여가|SNS,집,서울시 중구 신당동,실내,혼자,/,/,/,아니오,부정,매우 높음,보통,높음
2018-08-25 2:00,2018-08-25 3:00,기타|뒤척임,집,서울시 중구 신당동,실내,혼자,/,/,/,아니오,부정,매우 높음,보통,높음
2018-08-25 3:00,2018-08-25 9:30,수면,집,서울시 중구 신당동,실내,혼자,/,/,/,아니오,보통,보통,보통,높음
2018-08-25 9:30,2018-08-25 10:00,기타|세면,집,서울시 중구 신당동,실내,혼자,/,/,/,아니오,부정,매우 높음,보통,보통
2018-08-25 10:00,2018-08-25 10:40,이동,대중교통|지하철,서울시 중구 신당동,실외,혼자,/,/,/,아니오,부정,높음,보통,보통
2018-08-25 10:40,2018-08-25 11:00,업무|준비,사무실|카페,서울시 용산구 이태원동,실내,친밀한 관계|예은,/,/,/,아니오,부정,보통,보통,보통
2018-08-25 11:00,2018-08-25 11:20,업무|음료 만들기,사무실|카페,서울시 용산구 이태원동,실내,데면한 관계|불특정 다수,/,/,/,예,부정,보통,높음,보통
2018-08-25 11:20,2018-08-25 11:40,업무|설거지,사무실|카페,서울시 용산구 이태원동,실내,친밀한 관계|예은,/,/,/,예,보통,보통,높음,보통
2018-08-25 11:40,2018-08-25 12:00,업무|음료 만들기,사무실|카페,서울시 용산구 이태원동,실내,데면한 관계|불특정 다수,/,/,/,예,보통,보통,높음,보통
2018-08-25 12:00,2018-08-25 12:20,업무|설거지,사무실|카페,서울시 용산구 이태원동,실내,친밀한 관계|예은,/,/,/,예,보통,보통,높음,보통
2018-08-25 12:20,2018-08-25 12:40,업무|가게 청소,사무실|카페,서울시 용산구 이태원동,실내,친밀한 관계|예은,/,/,/,예,보통,보통,높음,보통
2018-08-25 12:40,2018-08-25 13:00,업무|음료 만들기,사무실|카페,서울시 용산구 이태원동,실내,데면한 관계|불특정 다수,/,/,/,예,보통,보통,높음,보통
2018-08-25 13:00,2018-08-25 13:20,업무|설거지,사무실|카페,서울시 용산구 이태원동,실내,친밀한 관계|예은,/,/,/,예,부정,높음,높음,보통
2018-08-25 13:20,2018-08-25 13:40,업무|음료 만들기,사무실|카페,서울시 용산구 이태원동,실내,데면한 관계|불특정 다수,/,/,/,예,부정,높음,높음,보통
2018-08-25 13:40,2018-08-25 14:00,업무|설거지,사무실|카페,서울시 용산구 이태원동,실내,친밀한 관계|예은,/,/,/,예,부정,높음,높음,보통
2018-08-25 14:00,2018-08-25 14:10,이동,야외,서울시 용산구 이태원동,실외,혼자,/,/,/,예,보통,보통,높음,보통
2018-08-25 14:10,2018-08-25 15:00,식사,식당|왕타이,서울시 용산구 이태원동,실내,친밀한 사람|성태,기타|팟타이,보통,점심,예,긍정,보통,높음,보통
2018-08-25 15:00,2018-08-25 15:10,이동,야외,서울시 용산구 이태원동,실외,친밀한 사람|성태,/,/,/,아니오,긍정,보통,높음,보통
2018-08-25 15:10,2018-08-25 15:40,업무|음료 만들기,사무실|카페,서울시 용산구 이태원동,실내,데면한 관계|불특정 다수,/,/,/,아니오,긍정,보통,높음,보통
2018-08-25 15:40,2018-08-25 16:00,업무|설거지,사무실|카페,서울시 용산구 이태원동,실내,친밀한 관계|민욱,/,/,/,아니오,긍정,보통,높음,보통
2018-08-25 16:00,2018-08-25 16:20,업무|음료 만들기,사무실|카페,서울시 용산구 이태원동,실내,데면한 관계|불특정 다수,/,/,/,아니오,보통,보통,높음,보통
2018-08-25 16:20,2018-08-25 16:40,업무|가게 청소,사무실|카페,서울시 용산구 이태원동,실내,친밀한 관계|민욱,/,/,/,아니오,보통,보통,높음,보통
2018-08-25 16:40,2018-08-25 17:00,업무|음료 만들기,사무실|카페,서울시 용산구 이태원동,실내,데면한 관계|불특정 다수,/,/,/,아니오,보통,보통,높음,보통
2018-08-25 17:00,2018-08-25 17:20,업무|설거지,사무실|카페,서울시 용산구 이태원동,실내,친밀한 관계|민욱,/,/,/,아니오,보통,보통,높음,보통
2018-08-25 17:20,2018-08-25 17:40,업무|음료 만들기,사무실|카페,서울시 용산구 이태원동,실내,데면한 관계|불특정 다수,/,/,/,아니오,보통,높음,높음,보통
2018-08-25 17:40,2018-08-25 18:00,업무|가게 청소,사무실|카페,서울시 용산구 이태원동,실내,친밀한 관계|민욱,/,/,/,아니오,보통,높음,높음,보통
2018-08-25 18:00,2018-08-25 18:20,업무|설거지,사무실|카페,서울시 용산구 이태원동,실내,친밀한 관계|민욱,/,/,/,아니오,보통,높음,높음,보통
2018-08-25 18:20,2018-08-25 18:40,업무|음료 만들기,사무실|카페,서울시 용산구 이태원동,실내,데면한 관계|불특정 다수,/,/,/,아니오,보통,높음,높음,보통
2018-08-25 18:40,2018-08-25 19:00,업무|설거지,사무실|카페,서울시 용산구 이태원동,실내,친밀한 관계|민욱,/,/,/,예,보통,높음,높음,보통
2018-08-25 19:00,2018-08-25 19:20,업무|가게 청소,사무실|카페,서울시 용산구 이태원동,실내,친밀한 관계|민욱,/,/,/,예,보통,높음,높음,보통
2018-08-25 19:20,2018-08-25 19:40,업무|퇴근,사무실|카페,서울시 용산구 이태원동,실내,친밀한 관계|민욱,/,/,/,예,보통,높음,높음,보통
2018-08-25 19:40,2018-08-25 20:20,이동,대중교통|지하철,서울시 용산구 이태원동,실외,혼자,/,/,/,예,보통,높음,보통,보통
2018-08-25 20:20,2018-08-25 22:00,수동적 여가|영화 감상,기타|CGV 왕십리,서울시 성동구 행당동,실내,친밀한 관계|희연,/,/,/,예,긍정,보통,보통,보통
2018-08-25 22:00,2018-08-25 22:10,이동,야외,서울시 성동구 행당동,실외,친밀한 관계|희연,/,/,/,예,긍정,보통,보통,보통
2018-08-25 22:10,2018-08-25 23:00,식사,카페|uu coffee,서울시 성동구 행당동,실내,친밀한 관계|희연,기타|커피,적음,간식,예,긍정,보통,보통,보통
2018-08-25 23:00,2018-08-25 23:30,이동,대중교통|지하철,서울시 성동구 행당동,실외,혼자,/,/,/,예,보통,보통,보통,보통
2018-08-25 23:30,2018-08-25 23:59,기타|샤워,집,서울시 중구 신당동,실내,혼자,/,/,/,예,보통,보통,보통,보통