﻿start_time,end_time,activity,place,address,location,person,food,amount_of_food,meal_type,hunger,emotion,tiredness,temperature,humidity
2018-01-04 00:00,2018-01-04 02:00,수동적 여가|온라인 게임,집,서울시 서대문구 신촌동,실내,친밀한 관계|민석,/,/,/,예,긍정,매우 높음,낮음,낮음
2018-01-04 02:00,2018-01-04 02:30,식사,집,서울시 서대문구 신촌동,실내,혼자,한식|비빔면,적음,야식,아니오,긍정,높음,매우 낮음,낮음
2018-01-04 02:30,2018-01-04 03:00,수동적 여가|유튜브 시청,집,서울시 서대문구 신촌동,실내,혼자,/,/,/,아니오,긍정,매우 높음,낮음,낮음
2018-01-04 03:00,2018-01-04 06:00,수면,집,서울시 서대문구 신촌동,실내,혼자,/,/,/,아니오,보통,낮음,낮음,낮음
2018-01-04 06:00,2018-01-04 06:10,기타|기상,집,서울시 서대문구 신촌동,실내,혼자,/,/,/,아니오,매우 부정,매우 낮음,낮음,매우 낮음
2018-01-04 06:10,2018-01-04 06:30,기타|샤워,집,서울시 서대문구 신촌동,실내,혼자,/,/,/,예,부정,낮음,매우 낮음,보통
2018-01-04 06:30,2018-01-04 06:50,기타|출근 준비,집,서울시 서대문구 신촌동,실내,혼자,/,/,/,예,매우 부정,높음,낮음,낮음
2018-01-04 06:50,2018-01-04 07:30,이동,대중교통|버스,서울시 서대문구 신촌동,실외,혼자,/,/,/,예,부정,높음,매우 낮음,보통
2018-01-04 07:30,2018-01-04 08:00,식사,식당|맥도날드,서울시 종로구 청진동,실내,혼자,양식|햄버거,적음,아침,아니오,보통,높음,매우 낮음,낮음
2018-01-04 08:00,2018-01-04 08:20,기타|흡연,공원,서울시 종로구 청진동,실외,혼자,/,/,/,아니오,부정,높음,낮음,매우 낮음
2018-01-04 08:20,2018-01-04 08:40,업무|회의,사무실,서울시 종로구 청진동,실내,친밀한 관계|상무님,/,/,/,아니오,매우 부정,매우 높음,낮음,매우 낮음
2018-01-04 08:40,2018-01-04 09:00,업무|거래 준비,사무실,서울시 종로구 청진동,실내,혼자,/,/,/,아니오,부정,높음,낮음,매우 낮음
2018-01-04 09:00,2018-01-04 10:00,업무|거래,사무실,서울시 종로구 청진동,실내,혼자,/,/,/,아니오,부정,매우 높음,매우 낮음,낮음
2018-01-04 10:00,2018-01-04 10:20,업무|업무 보고,사무실,서울시 종로구 청진동,실내,데면한 관계|Cynthia,/,/,/,예,매우 부정,매우 높음,낮음,보통
2018-01-04 10:20,2018-01-04 11:00,업무|거래,사무실,서울시 종로구 청진동,실내,혼자,/,/,/,예,부정,높음,낮음,낮음
2018-01-04 11:00,2018-01-04 11:10,기타|흡연,공원,서울시 종로구 청진동,실외,혼자,/,/,/,예,긍정,낮음,매우 낮음,낮음
2018-01-04 11:10,2018-01-04 11:30,업무|거래,사무실,서울시 종로구 청진동,실외,혼자,/,/,/,예,매우 부정,매우 높음,낮음,낮음
2018-01-04 11:30,2018-01-04 12:00,식사,사무실,서울시 종로구 청진동,실내,혼자,한식|도시락,아주 많음,점심,아니오,긍정,높음,낮음,매우 낮음
2018-01-04 12:00,2018-01-04 12:10,기타|양치,사무실,서울시 종로구 청진동,실내,혼자,/,/,/,아니오,보통,매우 높음,낮음,낮음
2018-01-04 12:10,2018-01-04 12:20,기타|흡연,공원,서울시 종로구 청진동,실내,친밀한 관계|직장 동료,/,/,/,아니오,긍정,높음,보통,낮음
2018-01-04 12:20,2018-01-04 12:50,업무|거래,사무실,서울시 종로구 청진동,실내,혼자,/,/,/,아니오,부정,매우 높음,낮음,매우 낮음
2018-01-04 12:50,2018-01-04 13:30,업무|OJT,사무실,서울시 종로구 청진동,실내,친밀한 관계|새로운 직원,/,/,/,아니오,보통,높음,낮음,낮음
2018-01-04 13:30,2018-01-04 14:20,업무|거래,사무실,서울시 종로구 청진동,실내,혼자,/,/,/,아니오,보통,매우 높음,낮음,매우 낮음
2018-01-04 14:20,2018-01-04 15:00,업무|회의,사무실,서울시 종로구 청진동,실내,친밀한 관계|전무님,/,/,/,아니오,긍정,높음,매우 낮음,매우 낮음
2018-01-04 15:00,2018-01-04 15:30,업무|거래,사무실,서울시 종로구 청진동,실내,혼자,/,/,/,예,매우 부정,매우 높음,낮음,낮음
2018-01-04 15:30,2018-01-04 17:00,업무|거래 정리,사무실,서울시 종로구 청진동,실내,친밀한 관계|새로운 직원,/,/,/,예,부정,높음,매우 낮음,낮음
2018-01-04 17:00,2018-01-04 18:00,업무|보고서 작성,사무실,서울시 종로구 청진동,실내,혼자,/,/,/,예,보통,매우 높음,낮음,낮음
2018-01-04 18:00,2018-01-04 18:10,이동,기타|도보,서울시 종로구 청진동,실외,친밀한 관계|직장 동료,/,/,/,예,긍정,매우 높음,낮음,매우 낮음
2018-01-04 18:10,2018-01-04 20:00,식사,식당|광화문등심,서울시 종로구 청진동,실내,친밀한 관계|직장 동료,일식|와규,아주 많음,저녁,아니오,매우 긍정,높음,매우 낮음,낮음
2018-01-04 20:00,2018-01-04 21:00,식사|음주가무,식당|노가리,서울시 종로구 청진동,실내,친밀한 관계|직장 동료,양식|치킨,많음,야식,아니오,긍정,매우 높음,낮음,보통
2018-01-04 21:00,2018-01-04 21:40,능동적 여가|노래,상점|노래방,서울시 종로구 관철동,실내,친밀한 관계|직장 동료,/,/,/,아니오,매우 긍정,높음,매우 낮음,낮음
2018-01-04 21:40,2018-01-04 22:10,이동,대중교통|버스,서울시 종로구 관철동,실외,혼자,/,/,/,아니오,긍정,매우 높음,낮음,매우 낮음
2018-01-04 22:10,2018-01-04 22:40,기타|샤워,집,서울시 서대문구 신촌동,실내,혼자,/,/,/,아니오,보통,높음,매우 낮음,낮음
2018-01-04 22:40,2018-01-04 23:00,기타|통화,집,서울시 서대문구 신촌동,실내,친밀한 관계|Emily,/,/,/,아니오,긍정,매우 높음,낮음,매우 낮음
2018-01-04 23:00,2018-01-04 23:10,능동적 여가|운동,집,서울시 서대문구 신촌동,실내,혼자,/,/,/,아니오,매우 긍정,높음,낮음,낮음
2018-01-04 23:10,2018-01-04 23:20,수동적 여가|유튜브 시청,집,서울시 서대문구 신촌동,실내,혼자,/,/,/,아니오,높음,매우 높음,낮음,낮음
2018-01-04 23:20,2018-01-04 23:30,기타|통화,집,서울시 서대문구 신촌동,실내,친밀한 관계|어머니,/,/,/,아니오,보통,매우 높음,매우 낮음,낮음
2018-01-04 23:30,2018-01-04 23:40,수동적 여가|TV 시청,집,서울시 서대문구 신촌동,실내,혼자,/,/,/,아니오,부정,매우 높음,매우 낮음,낮음
2018-01-04 23:40,2018-01-04 23:50,기타|인터넷 쇼핑,집,서울시 서대문구 신촌동,실내,혼자,/,/,/,아니오,긍정,높음,낮음,매우 낮음
2018-01-04 23:50,2018-01-04 23:59,수면,집,서울시 서대문구 신촌동,실내,혼자,/,/,/,아니오,보통,매우 높음,낮음,낮음
