﻿start_time,end_time,activity,place,address,location,person,food,amount_of_food,meal_type,hunger,emotion,tiredness,temperature,humidity
2018-08-06 00:00,2018-08-06 00:30,기타|샤워,집,서울시 서대문구 연희동,실내,혼자,/,/,/,아니요,부정,낮음,보통,높음
2018-08-06 00:30,2018-08-06 01:30,수동적 여가|책읽기,집,서울시 서대문구 연희동,실내,혼자,/,/,/,아니요,부정,낮음,보통,높음
2018-08-06 01:30,2018-08-06 01:50,기타|친구랑통화하기,집,서울시 서대문구 연희동,실내,혼자,/,/,/,아니요,긍정,낮음,보통,높음
2018-08-06 01:50,2018-08-06 02:20,수동적 여가|스마트폰,집,서울시 서대문구 연희동,실내,혼자,/,/,/,아니요,부정,낮음,보통,높음
2018-08-06 02:20,2018-08-06 10:20,수면,집,서울시 서대문구 연희동,실내,혼자,/,/,/,아니요,부정,낮음,보통,높음
2018-08-06 10:20,2018-08-06 10:50,능동적 여가|요가,집,서울시 서대문구 연희동,실내,혼자,/,/,/,예,부정,높음,높음,보통
2018-08-06 10:50,2018-08-06 11:20,기타|샤워,집,서울시 서대문구 연희동,실내,혼자,/,/,/,예,부정,높음,높음,보통
2018-08-06 11:20,2018-08-06 12:50,식사,집,서울시 서대문구 연희동,실내,혼자,한식,매우 많음,점심,예,부정,높음,높음,보통
2018-08-06 12:50,2018-08-06 13:10,청소,집,서울시 서대문구 연희동,실내,혼자,/,/,/,아니요,매우 부정,높음,높음,보통
2018-08-06 13:10,2018-08-06 13:20,이동,야외,서울시 서대문구 연희동,실외,혼자,/,/,/,아니요,매우 부정,높음,높음,보통
2018-08-06 13:20,2018-08-06 13:50,기타|장보기,상점|할머니마트,서울시 서대문구 연희동,실내,혼자,/,/,/,아니요,매우 부정,높음,높음,보통
2018-08-06 13:50,2018-08-06 14:00,이동,야외,서울시 서대문구 연희동,실외,혼자,/,/,/,아니요,부정,높음,높음,보통
2018-08-06 14:00,2018-08-06 14:10,기타|물건정리,집,서울시 서대문구 연희동,실내,혼자,/,/,/,아니요,부정,높음,높음,보통
2018-08-06 14:10,2018-08-06 14:25,수동적 여가|스마트폰,집,서울시 서대문구 연희동,실내,혼자,/,/,/,아니요,부정,높음,높음,보통
2018-08-06 14:25,2018-08-06 14:55,기타|화장하기,집,서울시 서대문구 연희동,실내,혼자,/,/,/,아니요,부정,높음,높음,보통
2018-08-06 14:55,2018-08-06 15:15,이동,야외,서울시 서대문구 연희동,실외,혼자,/,/,/,아니요,부정,높음,높음,보통
2018-08-06 15:15,2018-08-06 15:55,수동적 여가|책읽기,학교|도서관1층,서울시 서대문구 신촌동,실내,혼자,/,/,/,아니요,부정,높음,높음,보통
2018-08-06 15:55,2018-08-06 16:05,이동,학교,서울시 서대문구 신촌동,실외,혼자,/,/,/,아니요,부정,높음,높음,보통
2018-08-06 16:05,2018-08-06 16:25,식사,상점|한울샘,서울시 서대문구 신촌동,실내,혼자,한식,많음,간식,아니요,부정,높음,높음,보통
2018-08-06 16:25,2018-08-06 16:35,이동,학교,서울시 서대문구 신촌동,실외,혼자,/,/,/,아니요,부정,높음,높음,보통
2018-08-06 16:35,2018-08-06 17:35,기타|동아리연습,학교|대강당,서울시 서대문구 신촌동,실내,데면한 관계|동아리친구들,/,/,/,아니요,긍정,높음,높음,보통
2018-08-06 17:35,2018-08-06 17:45,수동적 여가|스마트폰,학교|대강당,서울시 서대문구 신촌동,실내,데면한 관계|동아리친구들,/,/,/,아니요,긍정,높음,높음,보통
2018-08-06 17:45,2018-08-06 18:45,기타|동아리연습,학교|대강당,서울시 서대문구 신촌동,실내,데면한 관계|동아리친구들,/,/,/,예,긍정,낮음,높음,보통
2018-08-06 18:45,2018-08-06 19:05,이동,야외,서울시 서대문구 신촌동,실외,데면한 관계|동아리친구들,/,/,/,예,긍정,낮음,높음,보통
2018-08-06 19:05,2018-08-06 19:55,식사,식당|깔레고기집,서울시 서대문구 신촌동,실내,데면한 관계|동아리친구들,한식,많음,저녁,예,부정,낮음,높음,보통
2018-08-06 19:55,2018-08-06 20:05,이동,야외,서울시 서대문구 신촌동,실외,데면한 관계|동아리친구들,/,/,/,아니요,부정,낮음,높음,보통
2018-08-06 20:05,2018-08-06 21:05,식사|술먹기,상점|술집,서울시 서대문구 신촌동,실내,데면한 관계|동아리친구들,기타|술,많음,야식,아니요,매우 긍정,낮음,보통,높음
2018-08-06 21:05,2018-08-06 21:10,기타|담배피기,상점|술집,서울시 서대문구 신촌동,실외,데면한 관계|동아리친구들,/,/,/,아니요,매우 긍정,낮음,보통,높음
2018-08-06 21:10,2018-08-06 21:50,식사|술먹기,상점|술집,서울시 서대문구 신촌동,실내,데면한 관계|동아리친구들,기타|술,적음,야식,아니요,매우 긍정,낮음,보통,높음
2018-08-06 21:50,2018-08-06 22:20,이동,대중교통|버스,서울시 서대문구 신촌동,실외,혼자,/,/,/,아니요,긍정,높음,보통,높음
2018-08-06 22:20,2018-08-06 22:40,식사,집,서울시 서대문구 연희동,실내,혼자,한식,많음,야식,아니요,긍정,높음,보통,높음
2018-08-06 22:40,2018-08-06 23:30,수동적 여가|스마트폰,집,서울시 서대문구 연희동,실내,혼자,/,/,/,아니요,부정,높음,보통,높음
2018-08-06 23:30,2018-08-06 24:00,청소,집,서울시 서대문구 연희동,실내,혼자,/,/,/,아니요,부정,높음,보통,높음