﻿start_time,end_time,activity,place,address,location,person,food,amount_of_food,meal_type,hunger,emotion,tiredness,temperature,humidity
2018-08-13 00:00,2018-08-13 01:00,수동적 여가|책읽기,집,서울시 서대문구 연희동,실내,혼자,/,/,/,아니요,부정,낮음,보통,높음
2018-08-13 01:00,2018-08-13 01:50,수동적 여가|TV시청,집,서울시 서대문구 연희동,실내,혼자,/,/,/,아니요,부정,낮음,보통,높음
2018-08-13 01:50,2018-08-13 02:30,수동적 여가|스마트폰,집,서울시 서대문구 연희동,실내,혼자,/,/,/,아니요,부정,높음,보통,높음
2018-08-13 02:30,2018-08-13 10:15,수면,집,서울시 서대문구 연희동,실내,혼자,/,/,/,아니요,부정,높음,보통,높음
2018-08-13 10:15,2018-08-13 10:45,능동적 여가|요가,집,서울시 서대문구 연희동,실내,혼자,/,/,/,아니요,부정,높음,보통,높음
2018-08-13 10:45,2018-08-13 11:15,기타|샤워,집,서울시 서대문구 연희동,실내,혼자,/,/,/,예,부정,높음,높음,보통
2018-08-13 11:15,2018-08-13 12:45,식사,집,서울시 서대문구 연희동,실내,혼자,한식,매우 많음,점심,예,부정,높음,높음,보통
2018-08-13 12:45,2018-08-13 13:05,청소,집,서울시 서대문구 연희동,실내,혼자,/,/,/,아니요,매우 부정,높음,높음,보통
2018-08-13 13:05,2018-08-13 13:15,이동,집,서울시 서대문구 연희동,실내,혼자,/,/,/,아니요,부정,높음,높음,보통
2018-08-13 13:15,2018-08-13 13:45,기타|장보기,집,서울시 서대문구 연희동,실내,혼자,/,/,/,아니요,부정,높음,높음,보통
2018-08-13 13:45,2018-08-13 13:55,이동,집,서울시 서대문구 연희동,실내,혼자,/,/,/,아니요,부정,높음,높음,보통
2018-08-13 13:55,2018-08-13 14:05,기타|물건정리,집,서울시 서대문구 연희동,실내,혼자,/,/,/,아니요,부정,높음,높음,보통
2018-08-13 14:05,2018-08-13 14:25,기타|화장하기,집,서울시 서대문구 연희동,실내,혼자,/,/,/,아니요,부정,높음,높음,보통
2018-08-13 14:25,2018-08-13 14:45,이동,야외,서울시 서대문구 연희동,실외,혼자,/,/,/,아니요,부정,높음,높음,보통
2018-08-13 14:45,2018-08-13 15:55,식사,상점|한울샘,서울시 서대문구 신촌동,실내,혼자,기타|커피,적음,간식,아니요,부정,높음,높음,보통
2018-08-13 15:55,2018-08-13 16:05,이동,학교,서울시 서대문구 신촌동,실외,혼자,/,/,/,아니요,부정,높음,높음,보통
2018-08-13 16:05,2018-08-13 16:25,수동적 여가|책읽기,대강당,서울시 서대문구 신촌동,실내,혼자,/,/,/,아니요,부정,높음,높음,보통
2018-08-13 16:25,2018-08-13 16:30,이동,대강당,서울시 서대문구 신촌동,실내,혼자,/,/,/,아니요,부정,높음,높음,보통
2018-08-13 16:30,2018-08-13 17:30,기타|동아리연습,대강당,서울시 서대문구 신촌동,실내,데면한 관계|동아리친구들,/,/,/,아니요,긍정,높음,높음,보통
2018-08-13 17:30,2018-08-13 17:40,수동적 여가|스마트폰,대강당,서울시 서대문구 신촌동,실내,데면한 관계|동아리친구들,/,/,/,아니요,긍정,높음,높음,보통
2018-08-13 17:40,2018-08-13 18:40,기타|동아리연습,대강당,서울시 서대문구 신촌동,실내,데면한 관계|동아리친구들,/,/,/,아니요,긍정,낮음,높음,보통
2018-08-13 18:40,2018-08-13 19:10,이동,야외,서울시 서대문구 신촌동,실외,데면한 관계|동아리친구들,/,/,/,예,긍정,낮음,높음,보통
2018-08-13 19:10,2018-08-13 20:00,식사,식당|다발김치찌개,서울시 서대문구 신촌동,실내,데면한 관계|동아리친구들,한식,많음,저녁,예,긍정,낮음,높음,보통
2018-08-13 20:00,2018-08-13 20:10,이동,야외,서울시 서대문구 신촌동,실외,데면한 관계|동아리친구들,/,/,/,아니요,보통,낮음,높음,보통
2018-08-13 20:10,2018-08-13 21:00,식사|술먹기,상점|술집,서울시 서대문구 신촌동,실내,데면한 관계|동아리친구들,기타|술,많음,야식,아니요,긍정,낮음,높음,보통
2018-08-13 21:00,2018-08-13 21:10,기타|담배피기,상점|술집,서울시 서대문구 신촌동,실외,데면한 관계|동아리친구들,/,/,/,아니요,긍정,낮음,보통,높음
2018-08-13 21:10,2018-08-13 21:50,식사|술먹기,상점|술집,서울시 서대문구 신촌동,실내,데면한 관계|동아리친구들,기타|술,적음,야식,아니요,긍정,낮음,보통,높음
2018-08-13 21:50,2018-08-13 22:20,이동,대중교통|버스,서울시 서대문구 신촌동,실외,혼자,/,/,/,아니요,긍정,높음,보통,높음
2018-08-13 22:20,2018-08-13 22:50,식사,집,서울시 서대문구 연희동,실내,혼자,한식,많음,야식,아니요,긍정,높음,보통,높음
2018-08-13 22:50,2018-08-13 23:30,수동적 여가|스마트폰,집,서울시 서대문구 연희동,실내,혼자,/,/,/,아니요,보통,높음,보통,높음
2018-08-13 23:30,2018-08-13 24:00,기타|샤워,집,서울시 서대문구 연희동,실내,혼자,/,/,/,아니요,보통,높음,보통,높음=