﻿start_time,end_time,activity,place,address,location,person,food,amount_of_food,meal_type,hunger,emotion,tiredness,temperature,humidity
2018-10-03 0:00,2018-10-03 0:10,수동적 여가|TV 시청,집,서울시 마포구 연남동,실내,혼자,/,/,/,아니오,긍정,낮음,낮음,보통
2018-10-03 0:10,2018-10-03 0:40,사교|남자친구와 영상통화,집,서울시 마포구 연남동,실내,친밀한 관계|남자친구,/,/,/,아니오,긍정,낮음,낮음,보통
2018-10-03 0:40,2018-10-03 1:30,능동적 여가|인터넷 쇼핑,집,서울시 마포구 연남동,실내,혼자,/,/,/,아니오,긍정,낮음,낮음,보통
2018-10-03 1:30,2018-10-03 1:50,능동적 여가|이태원 옷가게 검색,집,서울시 마포구 연남동,실내,혼자,/,/,/,아니오,긍정,낮음,낮음,보통
2018-10-03 1:50,2018-10-03 2:00,수동적 여가|음악 감상,집,서울시 마포구 연남동,실내,혼자,/,/,/,아니오,긍정,낮음,낮음,보통
2018-10-03 2:00,2018-10-03 2:10,수동적 여가|인스타그램,집,서울시 마포구 연남동,실내,혼자,/,/,/,아니오,긍정,낮음,낮음,보통
2018-10-03 2:10,2018-10-03 2:30,수동적 여가|웹툰 시청,집,서울시 마포구 연남동,실내,혼자,/,/,/,아니오,보통,높음,낮음,보통
2018-10-03 2:30,2018-10-03 3:10,공부|루이비통 모델 오디션 준비,집,서울시 마포구 연남동,실내,혼자,/,/,/,아니오,보통,높음,낮음,보통
2018-10-03 3:10,2018-10-03 10:20,수면,집,서울시 마포구 연남동,실내,혼자,/,/,/,아니오,보통,높음,낮음,보통
2018-10-03 10:20,2018-10-03 10:30,기타|헬스가방 꾸리기,집,서울시 마포구 연남동,실내,혼자,/,/,/,아니오,부정,매우 높음,낮음,보통
2018-10-03 10:30,2018-10-03 10:40,기타|애완묘 사료 주기,집,서울시 마포구 연남동,실내,혼자,/,/,/,아니오,부정,매우 높음,보통,보통
2018-10-03 10:40,2018-10-03 10:45,이동,기타|헬스장,서울시 마포구 연남동,실외,혼자,/,/,/,아니오,부정,매우 높음,보통,보통
2018-10-03 10:45,2018-10-03 11:30,기타|운동,기타|헬스장,서울시 마포구 연남동,실내,혼자,/,/,/,예,부정,매우 높음,보통,보통
2018-10-03 11:30,2018-10-03 12:00,기타|샤워,기타|헬스장,서울시 마포구 연남동,실내,혼자,/,/,/,예,보통,매우 높음,보통,보통
2018-10-03 12:00,2018-10-03 12:05,이동,집,서울시 마포구 연남동,실외,혼자,/,/,/,예,부정,매우 높음,보통,보통
2018-10-03 12:05,2018-10-03 12:15,식사,집,서울시 마포구 연남동,실내,혼자,기타|고구마 샐러드,적음,점심,아니오,보통,높음,보통,보통
2018-10-03 12:15,2018-10-03 12:40,기타|외출 준비,집,서울시 마포구 연남동,실내,혼자,/,/,/,아니오,부정,높음,보통,보통
2018-10-03 12:40,2018-10-03 13:40,이동,대중교통|버스,서울시 강남구 신사동,실외,혼자,/,/,/,아니오,보통,높음,보통,보통
2018-10-03 13:40,2018-10-03 14:10,식사,카페|릴리 앤폴,서울시 강남구 신사동,실내,친밀한 관계|민지,기타|아메리카노,적음,간식,아니오,보통,높음,보통,보통
2018-10-03 14:10,2018-10-03 14:30,이동,상점|에이랜드,서울시 강남구 신사동,실외,친밀한 관계|민지,/,/,/,아니오,보통,높음,보통,보통
2018-10-03 14:30,2018-10-03 15:10,능동적 여가|옷 쇼핑,상점|에이랜드,서울시 강남구 신사동,실내,친밀한 관계|민지,/,/,/,아니오,긍정,낮음,보통,보통
2018-10-03 15:10,2018-10-03 15:20,이동,상점|웍스아웃,서울시 강남구 신사동,실외,친밀한 관계|민지,/,/,/,아니오,보통,낮음,보통,보통
2018-10-03 15:20,2018-10-03 15:50,능동적 여가|옷 쇼핑,상점|웍스아웃,서울시 강남구 신사동,실내,친밀한 관계|민지,/,/,/,아니오,긍정,낮음,보통,보통
2018-10-03 15:50,2018-10-03 16:10,이동,상점|HANNA,서울시 강남구 신사동,실외,친밀한 관계|민지,/,/,/,아니오,보통,높음,보통,보통
2018-10-03 16:10,2018-10-03 16:30,능동적 여가|악세사리 쇼핑,상점|HANNA,서울시 강남구 신사동,실내,친밀한 관계|민지,/,/,/,아니오,긍정,높음,보통,보통
2018-10-03 16:30,2018-10-03 16:50,이동,기타|한남 볼링장,서울시 강남구 신사동,실외,친밀한 관계|민지,/,/,/,아니오,보통,높음,보통,보통
2018-10-03 16:50,2018-10-03 17:20,능동적 여가|볼링,기타|한남 볼링장,서울시 강남구 신사동,실내,친밀한 관계|민지,/,/,/,예,긍정,높음,보통,보통
2018-10-03 17:20,2018-10-03 17:30,식사,기타|한남 볼링장,서울시 강남구 신사동,실내,친밀한 관계|민지,기타|탄산수,적음,기타,예,보통,낮음,보통,보통
2018-10-03 17:30,2018-10-03 18:00,능동적 여가|볼링,기타|한남 볼링장,서울시 강남구 신사동,실내,친밀한 관계|민지,/,/,/,예,긍정,낮음,보통,보통
2018-10-03 18:00,2018-10-03 19:00,이동,대중교통|버스,서울시 강남구 신사동,실외,친밀한 관계|민지,/,/,/,예,보통,높음,보통,보통
2018-10-03 19:00,2018-10-03 19:40,식사,식당|베리베스트스테이크,서울시 마포구 연남동,실내,친밀한 관계|민지,양식|안심스테이크,적음,저녁,아니오,긍정,높음,보통,보통
2018-10-03 19:40,2018-10-03 20:00,이동,기타|영화관,서울시 마포구 동교동,실외,친밀한 관계|민지,/,/,/,아니오,보통,높음,보통,보통
2018-10-03 20:00,2018-10-03 20:10,식사,기타|영화관,서울시 마포구 동교동,실내,친밀한 관계|민지,기타|비타민 워터,적음,기타,아니오,보통,낮음,보통,보통
2018-10-03 20:10,2018-10-03 22:10,수동적 여가|영화관람,기타|영화관,서울시 마포구 동교동,실내,친밀한 관계|민지,/,/,/,아니오,긍정,낮음,보통,보통
2018-10-03 22:10,2018-10-03 22:25,이동,집,서울시 마포구 동교동,실외,친밀한 관계|민지,/,/,/,아니오,보통,높음,보통,보통
2018-10-03 22:25,2018-10-03 22:30,기타|애완묘 사료 주기,집,서울시 마포구 동교동,실내,혼자,/,/,/,아니오,긍정,낮음,보통,보통
2018-10-03 22:30,2018-10-03 22:35,식사,집,서울시 마포구 동교동,실내,혼자,기타|영양제 복용,적음,기타,아니오,긍정,낮음,보통,보통
2018-10-03 22:35,2018-10-03 22:50,기타|일정체크,집,서울시 마포구 동교동,실내,혼자,/,/,/,아니오,긍정,낮음,보통,보통
2018-10-03 22:50,2018-10-03 23:10,능동적 여가|다이어리 작성,집,서울시 마포구 동교동,실내,혼자,/,/,/,아니오,긍정,낮음,보통,보통
2018-10-03 23:10,2018-10-03 23:20,기타|빨래,집,서울시 마포구 동교동,실내,혼자,/,/,/,아니오,긍정,낮음,보통,보통
2018-10-03 23:20,2018-10-03 23:30,기타|제모,집,서울시 마포구 동교동,실내,혼자,/,/,/,아니오,긍정,낮음,보통,보통
2018-10-03 23:30,2018-10-03 23:59,기타|피부관리,집,서울시 마포구 동교동,실내,혼자,/,/,/,아니오,긍정,낮음,보통,보통
