﻿start_time,end_time,activity,place,address,location,person,food,amount_of_food,meal_type,hunger,emotion,tiredness,temperature,humidity
2018-10-07 0:00,2018-10-07 0:30,공부|패션잡지 구독,집,서울시 마포구 연남동,실내,혼자,/,/,/,아니오,긍정,낮음,낮음,낮음
2018-10-07 0:30,2018-10-07 1:00,능동적 여가|독서,집,서울시 마포구 연남동,실내,혼자,/,/,/,아니오,긍정,낮음,낮음,낮음
2018-10-07 1:00,2018-10-07 1:05,식사,집,서울시 마포구 연남동,실내,혼자,기타|수면 유도제,적음,기타,아니오,긍정,낮음,낮음,낮음
2018-10-07 1:05,2018-10-07 7:50,수면,집,서울시 마포구 연남동,실내,혼자,/,/,/,아니오,긍정,높음,낮음,낮음
2018-10-07 7:50,2018-10-07 7:55,기타|애완묘 사료 주기,집,서울시 마포구 연남동,실내,혼자,/,/,/,아니오,부정,매우 높음,낮음,낮음
2018-10-07 7:55,2018-10-07 8:15,기타|샤워,기타|헬스장,서울시 마포구 연남동,실내,혼자,/,/,/,아니오,보통,매우 높음,낮음,낮음
2018-10-07 8:15,2018-10-07 8:35,기타|외출 준비,집,서울시 마포구 연남동,실내,혼자,/,/,/,아니오,보통,매우 높음,낮음,낮음
2018-10-07 8:35,2018-10-07 8:50,이동,기타|연남교회,서울시 마포구 연남동,실외,혼자,/,/,/,아니오,부정,매우 높음,보통,낮음
2018-10-07 8:50,2018-10-07 11:30,기타|예배,기타|연남교회,서울시 마포구 연남동,실내,친밀한 관계|자매님들,/,/,/,예,긍정,높음,보통,낮음
2018-10-07 11:30,2018-10-07 12:00,식사,기타|연남교회,서울시 마포구 연남동,실내,친밀한 관계|자매님들,한식|소불고기,매우 적음,점심,아니오,보통,높음,보통,낮음
2018-10-07 12:00,2018-10-07 12:20,이동,집,서울시 마포구 연남동,실외,혼자,/,/,/,아니오,부정,매우 높음,보통,낮음
2018-10-07 12:20,2018-10-07 13:20,수면,집,서울시 마포구 연남동,실내,혼자,/,/,/,아니오,보통,매우 높음,보통,낮음
2018-10-07 13:20,2018-10-07 13:40,기타|이불 빨래,집,서울시 마포구 연남동,실내,혼자,/,/,/,아니오,보통,높음,보통,낮음
2018-10-07 13:40,2018-10-07 14:00,기타|화장실 청소,집,서울시 마포구 연남동,실내,혼자,/,/,/,아니오,보통,높음,보통,낮음
2018-10-07 14:00,2018-10-07 14:05,기타|이불 빨래 널기,집,서울시 마포구 연남동,실내,혼자,/,/,/,아니오,보통,높음,보통,낮음
2018-10-07 14:05,2018-10-07 14:15,사교|남자친구와 통화,집,서울시 마포구 연남동,실내,친밀한 관계|남자친구,/,/,/,아니오,긍정,높음,보통,낮음
2018-10-07 14:15,2018-10-07 14:20,식사,집,서울시 마포구 연남동,실내,혼자,기타|영양제,적음,기타,아니오,긍정,높음,보통,낮음
2018-10-07 14:20,2018-10-07 14:35,기타|헬스가방 꾸리기,집,서울시 마포구 연남동,실내,혼자,/,/,/,아니오,부정,높음,보통,낮음
2018-10-07 14:35,2018-10-07 14:40,이동,기타|헬스장,서울시 마포구 연남동,실외,혼자,/,/,/,예,보통,높음,보통,낮음
2018-10-07 14:40,2018-10-07 15:40,기타|운동,기타|헬스장,서울시 마포구 연남동,실내,혼자,/,/,/,예,매우 부정,높음,보통,낮음
2018-10-07 15:40,2018-10-07 16:00,기타|샤워,기타|헬스장,서울시 마포구 연남동,실내,혼자,/,/,/,예,부정,높음,보통,낮음
2018-10-07 16:00,2018-10-07 16:05,이동,집,서울시 마포구 연남동,실외,혼자,/,/,/,예,부정,높음,보통,낮음
2018-10-07 16:05,2018-10-07 16:10,기타|애완묘 사료 주기,집,서울시 마포구 연남동,실내,혼자,/,/,/,예,부정,높음,보통,낮음
2018-10-07 16:10,2018-10-07 16:30,식사,집,서울시 마포구 연남동,실내,혼자,기타|단백질 파우더,적음,간식,아니오,긍정,낮음,보통,낮음
2018-10-07 16:30,2018-10-07 16:50,사교|수아와 통화,집,서울시 마포구 연남동,실내,친밀한 관계|수아,/,/,/,아니오,긍정,낮음,보통,낮음
2018-10-07 16:50,2018-10-07 17:40,사교|수아와 수다,집,서울시 마포구 연남동,실내,친밀한 관계|수아,/,/,/,예,긍정,낮음,보통,낮음
2018-10-07 17:40,2018-10-07 18:40,식사,집,서울시 마포구 연남동,실내,친밀한 관계|수아,양식|스테이크 및 와인,적음,저녁,아니오,긍정,낮음,보통,낮음
2018-10-07 18:40,2018-10-07 19:40,사교|수아와 수다,집,서울시 마포구 연남동,실내,친밀한 관계|수아,/,/,/,아니오,긍정,낮음,보통,낮음
2018-10-07 19:40,2018-10-07 19:45,이동|수아 배웅,기타|집 앞,서울시 마포구 연남동,실내,친밀한 관계|수아,/,/,/,아니오,긍정,낮음,보통,낮음
2018-10-07 19:45,2018-10-07 20:45,수동적 여자|TV 시청,집,서울시 마포구 연남동,실내,혼자,/,/,/,아니오,긍정,낮음,보통,낮음
2018-10-07 20:45,2018-10-07 21:00,사교|남자친구와 통화,집,서울시 마포구 연남동,실내,친밀한 관계|남자친구,/,/,/,아니오,긍정,낮음,보통,낮음
2018-10-07 21:00,2018-10-07 21:05,이동,공원|연트럴파크,서울시 마포구 연남동,실외,혼자,/,/,/,아니오,긍정,낮음,보통,낮음
2018-10-07 21:05,2018-10-07 21:50,야외활동|산책,공원|연트럴파크,서울시 마포구 연남동,실외,혼자,/,/,/,아니오,긍정,낮음,보통,낮음
2018-10-07 21:50,2018-10-07 21:55,이동,집,서울시 마포구 연남동,실외,혼자,/,/,/,아니오,긍정,낮음,보통,낮음
2018-10-07 21:55,2018-10-07 23:30,수동적 여가|TV 시청,,서울시 마포구 연남동,실내,혼자,/,/,/,아니오,매우 긍정,낮음,보통,낮음
2018-10-07 23:30,2018-10-07 23:59,공부|2차 오디션 준비,집,서울시 마포구 연남동,실내,혼자,/,/,/,아니오,긍정,낮음,보통,낮음
