﻿start_time,end_time,activity,place,address,location,person,food,amount_of_food,meal_type,hunger,emotion,tiredness,temperature,humidity
2018-10-06 0:00,2018-10-06 0:15,기타|일정 체크,집,서울시 마포구 연남동,실내,혼자,/,/,/,아니오,긍정,낮음,낮음,낮음
2018-10-06 0:15,2018-10-06 0:30,능동적 여가|다이어리 작성,집,서울시 마포구 연남동,실내,혼자,/,/,/,아니오,긍정,낮음,낮음,낮음
2018-10-06 0:30,2018-10-06 0:50,기타|피부관리,집,서울시 마포구 연남동,실내,혼자,/,/,/,아니오,긍정,낮음,낮음,낮음
2018-10-06 0:50,2018-10-06 1:10,기타|설거지,집,서울시 마포구 연남동,실내,혼자,/,/,/,아니오,긍정,낮음,낮음,낮음
2018-10-06 1:10,2018-10-06 1:20,기타|네일 캐어,집,서울시 마포구 연남동,실내,혼자,/,/,/,아니오,긍정,낮음,낮음,낮음
2018-10-06 1:20,2018-10-06 1:40,공부|패션잡지 구독,집,서울시 마포구 연남동,실내,혼자,/,/,/,아니오,긍정,낮음,낮음,낮음
2018-10-06 1:40,2018-10-06 2:00,수동적 여가|TV 시청,집,서울시 마포구 연남동,실내,혼자,/,/,/,아니오,긍정,높음,낮음,낮음
2018-10-06 2:00,2018-10-06 2:20,수동적 여가|음악 감상,집,서울시 마포구 연남동,실내,혼자,/,/,/,아니오,긍정,높음,낮음,낮음
2018-10-06 2:20,2018-10-06 2:50,수동적 여가|웹툰 시청,집,서울시 마포구 연남동,실내,혼자,/,/,/,아니오,긍정,높음,낮음,낮음
2018-10-06 2:50,2018-10-06 10:00,수면,집,서울시 마포구 연남동,실내,혼자,/,/,/,아니오,보통,높음,낮음,낮음
2018-10-06 10:00,2018-10-06 10:10,기타|헬스가방 꾸리기,집,서울시 마포구 연남동,실내,혼자,/,/,/,아니오,부정,매우 높음,낮음,낮음
2018-10-06 10:10,2018-10-06 10:15,기타|애완묘 사료 주기,집,서울시 마포구 연남동,실내,혼자,/,/,/,아니오,부정,매우 높음,보통,낮음
2018-10-06 10:15,2018-10-06 10:20,이동,기타|헬스장,서울시 마포구 연남동,실외,혼자,/,/,/,아니오,매우 부정,매우 높음,보통,보통
2018-10-06 10:20,2018-10-06 11:00,기타|운동,기타|헬스장,서울시 마포구 연남동,실내,혼자,/,/,/,아니오,매우 부정,매우 높음,보통,보통
2018-10-06 11:00,2018-10-06 11:30,기타|샤워,기타|헬스장,서울시 마포구 연남동,실내,혼자,/,/,/,예,부정,매우 높음,보통,보통
2018-10-06 11:30,2018-10-06 11:35,이동,집,서울시 마포구 연남동,실외,혼자,/,/,/,예,보통,매우 높음,보통,보통
2018-10-06 11:35,2018-10-06 11:55,식사,집,서울시 마포구 연남동,실내,혼자,기타|시리얼,적음,점심,아니오,보통,매우 높음,보통,보통
2018-10-06 11:55,2018-10-06 12:20,기타|외출 준비,집,서울시 마포구 연남동,실내,혼자,/,/,/,아니오,보통,매우 높음,보통,보통
2018-10-06 12:20,2018-10-06 12:35,이동,기타|연남동 복지회관,서울시 마포구 연남동,실외,혼자,/,/,/,아니오,부정,매우 높음,보통,보통
2018-10-06 12:35,2018-10-06 13:40,봉사,기타|연남동 복지회관,서울시 마포구 연남동,실내,데면한 관계|복지회관 직원,/,/,/,아니오,보통,매우 높음,보통,보통
2018-10-06 13:40,2018-10-06 13:45,기타|1차 오디션 합격전화,기타|연남동 복지회관,서울시 마포구 연남동,실내,데면한 관계|영화제작사 스태프,/,/,/,아니오,매우 긍정,낮음,보통,보통
2018-10-06 13:45,2018-10-06 13:50,사교|남자친구와 통화,기타|연남동 복지회관,서울시 마포구 연남동,실내,친밀한 관계|남자친구,/,/,/,아니오,매우 긍정,낮음,보통,보통
2018-10-06 13:50,2018-10-06 14:30,봉사,기타|연남동 복지회관,서울시 마포구 연남동,실내,데면한 관계|영화제작사 스태프,/,/,/,아니오,긍정,보통,보통,보통
2018-10-06 14:30,2018-10-06 14:45,이동,집,서울시 마포구 연남동,실외,혼자,/,/,/,아니오,긍정,보통,보통,보통
2018-10-06 14:45,2018-10-06 15:15,청소,집,서울시 마포구 연남동,실내,혼자,/,/,/,아니오,긍정,보통,보통,낮음
2018-10-06 15:15,2018-10-06 15:20,식사,집,서울시 마포구 연남동,실내,혼자,기타|영양제,적음,기타,아니오,긍정,높음,보통,낮음
2018-10-06 15:20,2018-10-06 16:20,수면,집,서울시 마포구 연남동,실내,혼자,/,/,/,아니오,긍정,높음,보통,낮음
2018-10-06 16:20,2018-10-06 16:50,사교|남자친구와 통화,집,서울시 마포구 연남동,실내,혼자,/,/,/,예,매우 긍정,낮음,보통,낮음
2018-10-06 16:50,2018-10-06 17:30,식사,집,서울시 마포구 연남동,실내,혼자,기타|고구마 및 과일,적음,저녁,아니오,매우 긍정,낮음,보통,낮음
2018-10-06 17:30,2018-10-06 17:40,기타|설거지,집,서울시 마포구 연남동,실내,혼자,/,/,/,아니오,매우 긍정,낮음,보통,낮음
2018-10-06 17:40,2018-10-06 17:50,기타|애완묘 사료 주기,집,서울시 마포구 연남동,실내,혼자,/,/,/,아니오,매우 긍정,낮음,보통,낮음
2018-10-06 17:50,2018-10-06 18:00,기타|엄마와 통화,집,서울시 마포구 연남동,실내,친밀한 관계|엄마,/,/,/,아니오,매우 긍정,낮음,보통,낮음
2018-10-06 18:00,2018-10-06 18:10,이동,공원|연트럴파크,서울시 마포구 연남동,실내,혼자,/,/,/,아니오,매우 긍정,낮음,낮음,낮음
2018-10-06 18:10,2018-10-06 19:00,야외활동,공원|연트럴파크,서울시 마포구 연남동,실외,친밀한 관계|남자친구,/,/,/,아니오,매우 긍정,낮음,낮음,낮음
2018-10-06 19:00,2018-10-06 19:05,이동,집,서울시 마포구 연남동,실외,친밀한 관계|남자친구,/,/,/,아니오,매우 긍정,낮음,낮음,낮음
2018-10-06 19:05,2018-10-06 20:05,기타|목욕,집,서울시 마포구 연남동,실내,혼자,/,/,/,아니오,매우 긍정,낮음,낮음,낮음
2018-10-06 20:05,2018-10-06 20:35,기타|피부관리,집,서울시 마포구 연남동,실내,혼자,/,/,/,아니오,긍정,낮음,낮음,낮음
2018-10-06 20:35,2018-10-06 20:45,식사,집,서울시 마포구 연남동,실내,혼자,기타|비타민 워터,적음,간식,아니오,긍정,낮음,낮음,낮음
2018-10-06 20:45,2018-10-06 21:00,기타|설거지,집,서울시 마포구 연남동,실내,혼자,/,/,/,아니오,긍정,낮음,낮음,낮음
2018-10-06 21:00,2018-10-06 21:20,기타|일정 체크,집,서울시 마포구 연남동,실내,혼자,/,/,/,아니오,긍정,낮음,낮음,낮음
2018-10-06 21:20,2018-10-06 21:50,능동적 여가|다이어리 작성,집,서울시 마포구 연남동,실내,혼자,/,/,/,아니오,긍정,낮음,낮음,낮음
2018-10-06 21:50,2018-10-06 23:20,기타|TV 시청,집,서울시 마포구 연남동,실내,혼자,/,/,/,아니오,긍정,낮음,낮음,낮음
2018-10-06 23:20,2018-10-06 23:59,기타|애완묘와 놀기,집,서울시 마포구 연남동,실내,혼자,/,/,/,아니오,긍정,낮음,낮음,낮음
