﻿start_time,end_time,activity,place,address,location,person,food,amount_of_food,meal_type,hunger,emotion,tiredness,temperature,humidity
2018-10-01 0:00,2018-10-01 0:10,기타|음식물 쓰레기 분리수거,집,서울시 마포구 연남동,실외,혼자,/,/,/,아니오,보통,낮음,낮음,낮음
2018-10-01 0:10,2018-10-01 0:40,능동적 여가|인터넷 쇼핑,집,서울시 마포구 연남동,실내,혼자,/,/,/,아니오,긍정,낮음,낮음,낮음
2018-10-01 0:40,2018-10-01 1:00,능동적 여가|일정 체크,집,서울시 마포구 연남동,실내,혼자,/,/,/,아니오,긍정,낮음,낮음,낮음
2018-10-01 1:00,2018-10-01 1:20,능동적 여가|다이어리 작성,집,서울시 마포구 연남동,실내,혼자,/,/,/,아니오,긍정,낮음,낮음,낮음
2018-10-01 1:20,2018-10-01 1:50,공부|패션잡지 구독,집,서울시 마포구 연남동,실내,혼자,/,/,/,아니오,긍정,낮음,낮음,낮음
2018-10-01 1:50,2018-10-01 2:05,수동적 여가|인스타그램,집,서울시 마포구 연남동,실내,혼자,/,/,/,아니오,긍정,낮음,낮음,낮음
2018-10-01 2:05,2018-10-01 2:20,수동적 여가|음악 감상,집,서울시 마포구 연남동,실내,혼자,/,/,/,아니오,긍정,높음,낮음,낮음
2018-10-01 2:20,2018-10-01 2:45,수동적 여가|웹툰 시청,집,서울시 마포구 연남동,실내,혼자,/,/,/,아니오,긍정,높음,낮음,낮음
2018-10-01 2:45,2018-10-01 3:05,능동적 여가|독서,집,서울시 마포구 연남동,실내,혼자,/,/,/,아니오,보통,높음,낮음,낮음
2018-10-01 3:05,2018-10-01 10:30,수면,집,서울시 마포구 연남동,실내,혼자,/,/,/,아니오,보통,높음,보통,낮음
2018-10-01 10:30,2018-10-01 10:40,기타|헬스가방 꾸리기,집,서울시 마포구 연남동,실내,혼자,/,/,/,아니오,부정,매우 높음,보통,낮음
2018-10-01 10:40,2018-10-01 10:45,기타|애완묘 사료 주기,집,서울시 마포구 연남동,실내,혼자,/,/,/,아니오,부정,매우 높음,보통,보통
2018-10-01 10:45,2018-10-01 10:50,이동,기타|헬스장,서울시 마포구 연남동,실외,혼자,/,/,/,아니오,부정,매우 높음,보통,보통
2018-10-01 10:50,2018-10-01 11:30,기타|운동,기타|헬스장,서울시 마포구 연남동,실내,혼자,/,/,/,예,부정,매우 높음,보통,낮음
2018-10-01 11:30,2018-10-01 12:00,기타|샤워,기타|헬스장,서울시 마포구 연남동,실내,혼자,/,/,/,예,보통,매우 높음,보통,낮음
2018-10-01 12:00,2018-10-01 12:05,이동,집,서울시 마포구 연남동,실외,혼자,/,/,/,예,부정,매우 높음,보통,낮음
2018-10-01 12:05,2018-10-01 12:20,식사,집,서울시 마포구 연남동,실내,혼자,기타|닭가슴살 샐러드,매우 적음,점심,아니오,보통,높음,보통,낮음
2018-10-01 12:20,2018-10-01 12:45,기타|외출 준비,집,서울시 마포구 연남동,실내,혼자,/,/,/,아니오,보통,높음,보통,낮음
2018-10-01 12:45,2018-10-01 12:50,이동,카페,서울시 마포구 연남동,실외,혼자,/,/,/,아니오,보통,높음,보통,낮음
2018-10-01 12:50,2018-10-01 14:00,기타|모델 관련 인터뷰,카페,서울시 마포구 연남동,실내,데면한 관계|기자,기타|아메리카노,적음,간식,아니오,보통,높음,보통,낮음
2018-10-01 14:00,2018-10-01 14:20,이동,상점|반지마을,서울시 마포구 동교동,실외,친밀한 관계|남자친구,/,/,/,아니오,보통,높음,보통,낮음
2018-10-01 14:20,2018-10-01 15:20,기타|반지 만들기,상점|반지마을,서울시 마포구 동교동,실내,친밀한 관계|남자친구,/,/,/,아니오,긍정,높음,보통,낮음
2018-10-01 15:20,2018-10-01 15:30,식사,상점|반지마을,서울시 마포구 동교동,실내,혼자,기타|영양제,적음,기타,아니오,긍정,높음,보통,낮음
2018-10-01 15:30,2018-10-01 15:40,이동,상점|홍대 옷가게,서울시 마포구 동교동,실외,친밀한 관계|남자친구,/,/,/,아니오,보통,높음,보통,낮음
2018-10-01 15:40,2018-10-01 18:00,기타|쇼핑,상점|홍대 옷가게,서울시 마포구 동교동,실내,친밀한 관계|남자친구,/,/,/,예,긍정,낮음,보통,낮음
2018-10-01 18:00,2018-10-01 18:08,이동,식당|연어상회,서울시 마포구 동교동,실외,친밀한 관계|남자친구,/,/,/,예,긍정,낮음,보통,낮음
2018-10-01 18:08,2018-10-01 19:10,식사,식당|연어상회,서울시 마포구 동교동,실내,친밀한 관계|남자친구,일식|연어회,적음,저녁,아니오,긍정,낮음,낮음,낮음
2018-10-01 19:10,2018-10-01 19:25,이동,상점|술퍼마켓,서울시 마포구 연남동,실외,친밀한 관계|남자친구,/,/,/,아니오,보통,낮음,낮음,낮음
2018-10-01 19:25,2018-10-01 19:28,기타|술 구매,상점|술퍼마켓,서울시 마포구 연남동,실내,친밀한 관계|남자친구,/,/,/,아니오,보통,낮음,낮음,낮음
2018-10-01 19:28,2018-10-01 19:30,이동,공원|연트럴파크,서울시 마포구 연남동,실외,친밀한 관계|남자친구,/,/,/,아니오,보통,낮음,낮음,낮음
2018-10-01 19:30,2018-10-01 20:10,야외활동|산책,공원|연트럴파크,서울시 마포구 연남동,실외,친밀한 관계|남자친구,기타|맥주,적음,간식,아니오,긍정,낮음,낮음,낮음
2018-10-01 20:10,2018-10-01 20:15,이동,집,서울시 마포구 연남동,실내,친밀한 관계|남자친구,/,/,/,아니오,긍정,낮음,낮음,낮음
2018-10-01 20:15,2018-10-01 22:15,수동적 여가|영화 시청,집,서울시 마포구 연남동,실내,친밀한 관계|남자친구,/,/,/,아니오,긍정,낮음,낮음,낮음
2018-10-01 22:15,2018-10-01 22:40,기타|샤워,집,서울시 마포구 연남동,실내,혼자,/,/,/,아니오,긍정,매우 낮음,낮음,낮음
2018-10-01 22:40,2018-10-01 23:05,기타|피부관리,집,서울시 마포구 연남동,실내,혼자,/,/,/,아니오,긍정,매우 낮음,낮음,낮음
2018-10-01 23:05,2018-10-01 23:25,기타|일정체크,집,서울시 마포구 연남동,실내,혼자,/,/,/,아니오,긍정,낮음,낮음,낮음
2018-10-01 23:25,2018-10-01 23:45,능동적 여가|다이어리 작성,집,서울시 마포구 연남동,실내,혼자,/,/,/,아니오,긍정,낮음,낮음,낮음
2018-10-01 23:45,2018-10-01 23:55,능동적 여가|인스타그램 게시글 작성,집,서울시 마포구 연남동,실내,혼자,/,/,/,아니오,긍정,낮음,낮음,낮음
2018-10-01 23:55,2018-10-01 23:59,사교|남자친구와 영상통화,집,서울시 마포구 연남동,실내,친밀한 관계|남자친구,/,/,/,아니오,긍정,낮음,낮음,낮음
