﻿start_time,end_time,activity,place,address,location,person,food,amount_of_food,meal_type,hunger,emotion,tiredness,temperature,humidity
2018-10-05 0:00,2018-10-05 0:10,기타|제모,집,서울시 마포구 연남동,실내,혼자,/,/,/,아니오,보통,낮음,낮음,낮음
2018-10-05 0:10,2018-10-05 0:30,기타|피부관리,집,서울시 마포구 연남동,실내,혼자,/,/,/,아니오,긍정,낮음,낮음,낮음
2018-10-05 0:30,2018-10-05 0:40,공부|패션잡지 구독,집,서울시 마포구 연남동,실내,혼자,/,/,/,아니오,긍정,낮음,낮음,보통
2018-10-05 0:40,2018-10-05 1:25,공부|영화 오디션 준비,집,서울시 마포구 연남동,실내,혼자,/,/,/,아니오,보통,높음,낮음,낮음
2018-10-05 1:25,2018-10-05 1:35,기타|일정 체크,집,서울시 마포구 연남동,실내,혼자,/,/,/,아니오,보통,높음,낮음,낮음
2018-10-05 1:35,2018-10-05 1:50,능동적 여가|다이어리 작성,집,서울시 마포구 연남동,실내,혼자,/,/,/,아니오,보통,높음,낮음,낮음
2018-10-05 1:50,2018-10-05 2:05,기타|빨래 걷기,집,서울시 마포구 연남동,실내,혼자,/,/,/,아니오,보통,높음,낮음,낮음
2018-10-05 2:05,2018-10-05 2:30,수동적 여가|TV 시청,집,서울시 마포구 연남동,실내,혼자,/,/,/,아니오,보통,높음,낮음,낮음
2018-10-05 2:30,2018-10-05 2:40,수동적 여가|음악 감상,집,서울시 마포구 연남동,실내,혼자,/,/,/,아니오,보통,높음,낮음,낮음
2018-10-05 2:40,2018-10-05 3:00,수동적 여가|웹툰 시청,집,서울시 마포구 연남동,실내,혼자,/,/,/,아니오,보통,높음,낮음,낮음
2018-10-05 3:00,2018-10-05 9:20,수면,집,서울시 마포구 연남동,실내,혼자,/,/,/,아니오,보통,높음,낮음,낮음
2018-10-05 9:20,2018-10-05 9:30,기타|헬스가방 꾸리기,집,서울시 마포구 연남동,실내,혼자,/,/,/,아니오,부정,매우 높음,낮음,낮음
2018-10-05 9:30,2018-10-05 9:35,기타|애완묘 사료 주기,집,서울시 마포구 연남동,실내,혼자,/,/,/,아니오,부정,매우 높음,낮음,낮음
2018-10-05 9:35,2018-10-05 9:40,이동,기타|헬스장,서울시 마포구 연남동,실외,혼자,/,/,/,아니오,매우 부정,매우 높음,낮음,낮음
2018-10-05 9:40,2018-10-05 10:25,기타|운동,기타|헬스장,서울시 마포구 연남동,실내,혼자,/,/,/,아니오,매우 부정,매우 높음,낮음,낮음
2018-10-05 10:25,2018-10-05 10:55,기타|샤워,기타|헬스장,서울시 마포구 연남동,실내,혼자,/,/,/,예,보통,매우 높음,보통,낮음
2018-10-05 10:55,2018-10-05 11:00,이동,집,서울시 마포구 연남동,실외,혼자,/,/,/,예,부정,매우 높음,보통,낮음
2018-10-05 11:00,2018-10-05 11:20,식사,집,서울시 마포구 연남동,실내,혼자,기타|오트밀,적음,점심,아니오,보통,매우 높음,보통,낮음
2018-10-05 11:20,2018-10-05 11:30,기타|외출 준비,집,서울시 마포구 연남동,실내,혼자,/,/,/,아니오,부정,매우 높음,보통,낮음
2018-10-05 11:30,2018-10-05 11:40,이동,대중교통|버스,서울시 마포구 연남동,실외,혼자,/,/,/,아니오,부정,매우 높음,보통,낮음
2018-10-05 11:40,2018-10-05 13:00,공부|영어 회화,기타|YBM 영어학원,서울시 마포구 신촌동,실내,혼자,/,/,/,아니오,부정,매우 높음,보통,낮음
2018-10-05 13:00,2018-10-05 13:20,식사,카페,서울시 마포구 신촌동,실내,혼자,기타|커피,적음,간식,아니오,보통,높음,보통,낮음
2018-10-05 13:20,2018-10-05 14:00,공부|수업 후 스터디,기타|YBM 영어학원,서울시 마포구 신촌동,실내,데면한 관계|스터디원,/,/,/,아니오,보통,높음,보통,낮음
2018-10-05 14:00,2018-10-05 15:00,이동,대중교통|지하철,서울시 강남구 역삼동,실내,혼자,/,/,/,아니오,부정,높음,보통,낮음
2018-10-05 15:00,2018-10-05 15:30,공부|1차 오디션 준비,카페,서울시 강남구 역삼동,실내,혼자,기타|녹차,적음,간식,아니오,부정,높음,보통,낮음
2018-10-05 15:30,2018-10-05 15:35,식사,카페,서울시 강남구 역삼동,실내,혼자,기타|영양제,적음,기타,아니오,부정,높음,보통,낮음
2018-10-05 15:35,2018-10-05 15:50,기타|화장,카페,서울시 강남구 역삼동,실내,혼자,/,/,/,아니오,부정,높음,보통,낮음
2018-10-05 15:50,2018-10-05 16:00,이동,기타|하리마오 픽쳐스,서울시 강남구 역삼동,실외,혼자,/,/,/,아니오,부정,높음,보통,낮음
2018-10-05 16:00,2018-10-05 17:30,기타|1차 오디션,기타|하리마오 픽쳐스,서울시 강남구 역삼동,실내,데면한 관계|면접관,/,/,/,아니오,부정,높음,보통,낮음
2018-10-05 17:30,2018-10-05 17:40,사교|남자친구와 통화,기타|하리마오 픽쳐스,서울시 강남구 역삼동,실내,친밀한 관계|남자친구,/,/,/,예,보통,매우 높음,보통,낮음
2018-10-05 17:40,2018-10-05 18:40,이동,대중교통|지하철,서울시 강남구 역삼동,실내,혼자,/,/,/,예,부정,매우 높음,보통,낮음
2018-10-05 18:40,2018-10-05 18:45,기타|애완묘 사료 주기,집,서울시 마포구 연남동,실내,혼자,/,/,/,예,보통,높음,보통,낮음
2018-10-05 18:45,2018-10-05 19:15,식사,집,서울시 마포구 연남동,실내,혼자,기타|바나나 및 계란,적음,저녁,아니오,보통,높음,보통,낮음
2018-10-05 19:15,2018-10-05 20:35,수면,집,서울시 마포구 연남동,실내,혼자,/,/,/,아니오,보통,높음,보통,낮음
2018-10-05 20:35,2018-10-05 21:25,기타|목욕,집,서울시 마포구 연남동,실내,혼자,/,/,/,아니오,긍정,낮음,보통,낮음
2018-10-05 21:25,2018-10-05 21:35,기타|제모,집,서울시 마포구 연남동,실내,혼자,/,/,/,아니오,긍정,낮음,보통,낮음
2018-10-05 21:35,2018-10-05 23:35,수동적 여가|영화 시청,집,서울시 마포구 연남동,실내,혼자,/,/,/,아니오,긍정,매우 낮음,보통,낮음
2018-10-05 23:35,2018-10-05 23:59,수동적 여가|인스타그램,집,서울시 마포구 연남동,실내,혼자,/,/,/,아니오,긍정,매우 낮음,보통,낮음
