﻿start_time,end_time,activity,place,address,location,person,food,amount_of_food,meal_type,hunger,emotion,tiredness,temperature,humidity
2018-10-04 0:00,2018-10-04 0:15,능동적 여가|인스타그램 게시물 작성,집,서울시 마포구 연남동,실내,혼자,/,/,/,아니오,긍정,낮음,낮음,보통
2018-10-04 0:15,2018-10-04 0:35,사교|친구와 통화,집,서울시 마포구 연남동,실내,친밀한 관계|수아,/,/,/,아니오,긍정,낮음,낮음,보통
2018-10-04 0:35,2018-10-04 1:10,공부|광고 콘티 숙지,집,서울시 마포구 연남동,실내,혼자,/,/,/,아니오,긍정,낮음,낮음,보통
2018-10-04 1:10,2018-10-04 1:25,공부|패션잡지 구독,집,서울시 마포구 연남동,실내,혼자,/,/,/,아니오,긍정,낮음,낮음,보통
2018-10-04 1:25,2018-10-04 1:35,기타|빨래 널기,집,서울시 마포구 연남동,실내,혼자,/,/,/,아니오,보통,낮음,낮음,보통
2018-10-04 1:35,2018-10-04 1:45,능동적 여가|애완묘와 놀기,집,서울시 마포구 연남동,실내,혼자,/,/,/,아니오,보통,낮음,낮음,보통
2018-10-04 1:45,2018-10-04 2:10,수동적 여가|TV 시청,집,서울시 마포구 연남동,실내,혼자,/,/,/,아니오,보통,높음,낮음,보통
2018-10-04 2:10,2018-10-04 2:20,수동적 여가|음악 감상,집,서울시 마포구 연남동,실내,혼자,/,/,/,아니오,보통,높음,낮음,낮음
2018-10-04 2:20,2018-10-04 2:35,수동적 여가|웹툰 시청,집,서울시 마포구 연남동,실내,혼자,/,/,/,아니오,보통,높음,낮음,낮음
2018-10-04 2:35,2018-10-04 3:25,공부|루이비통 모델 오디션 준비,집,서울시 마포구 연남동,실내,혼자,/,/,/,아니오,보통,높음,낮음,낮음
2018-10-04 3:25,2018-10-04 8:50,수면,집,서울시 마포구 연남동,실내,혼자,/,/,/,아니오,보통,높음,낮음,낮음
2018-10-04 8:50,2018-10-04 9:00,기타|헬스가방 꾸리기,집,서울시 마포구 연남동,실내,혼자,/,/,/,아니오,부정,매우 높음,낮음,낮음
2018-10-04 9:00,2018-10-04 9:05,기타|애완묘 사료 주기,집,서울시 마포구 연남동,실내,혼자,/,/,/,아니오,부정,매우 높음,낮음,낮음
2018-10-04 9:05,2018-10-04 9:10,이동,기타|헬스장,서울시 마포구 연남동,실외,혼자,/,/,/,아니오,매우 부정,매우 높음,낮음,낮음
2018-10-04 9:10,2018-10-04 10:00,기타|운동,기타|헬스장,서울시 마포구 연남동,실내,혼자,/,/,/,아니오,매우 부정,매우 높음,낮음,낮음
2018-10-04 10:00,2018-10-04 10:30,기타|샤워,기타|헬스장,서울시 마포구 연남동,실내,혼자,/,/,/,예,보통,매우 높음,보통,보통
2018-10-04 10:30,2018-10-04 10:35,이동,집,서울시 마포구 연남동,실외,혼자,/,/,/,예,부정,매우 높음,낮음,낮음
2018-10-04 10:35,2018-10-04 10:50,식사,집,서울시 마포구 연남동,실내,혼자,기타|닭가슴살 샐러드,적음,점심,아니오,부정,매우 높음,낮음,낮음
2018-10-04 10:50,2018-10-04 10:55,이동,카페,서울시 마포구 연남동,실외,혼자,/,/,/,아니오,부정,매우 높음,보통,낮음
2018-10-04 10:55,2018-10-04 11:05,식사,카페,서울시 마포구 연남동,실내,혼자,기타|아메리카노,적음,간식,아니오,보통,매우 높음,보통,낮음
2018-10-04 11:05,2018-10-04 11:40,이동,대중교통|버스,서울시 종로구 혜화동,실외,혼자,/,/,/,아니오,부정,높음,보통,낮음
2018-10-04 11:40,2018-10-04 12:30,업무|인터넷 쇼핑몰 광고사진 촬영,공원|낙산 공원,서울시 종로구 혜화동,실외,데면한 관계|쇼핑몰 스태프,/,/,/,아니오,매우 부정,높음,보통,낮음
2018-10-04 12:30,2018-10-04 12:40,수동적 여가|휴식,공원|낙산 공원,서울시 종로구 혜화동,실외,혼자,/,/,/,아니오,매우 부정,높음,보통,낮음
2018-10-04 12:40,2018-10-04 12:45,식사,공원|낙산 공원,서울시 종로구 혜화동,실외,혼자,기타|영양제,적음,기타,아니오,매우 부정,높음,보통,낮음
2018-10-04 12:45,2018-10-04 13:40,업무|인터넷 쇼핑몰 광고사진 촬영,공원|낙산 공원,서울시 종로구 혜화동,실외,데면한 관계|쇼핑몰 스태프,/,/,/,아니오,매우 부정,매우 높음,보통,낮음
2018-10-04 13:40,2018-10-04 13:50,수동적 여가|휴식,공원|낙산 공원,서울시 종로구 혜화동,실외,혼자,/,/,/,아니오,부정,매우 높음,보통,낮음
2018-10-04 13:50,2018-10-04 14:35,이동,대중교통|버스,서울시 종로구 혜화동,실외,혼자,/,/,/,아니오,부정,매우 높음,보통,낮음
2018-10-04 14:35,2018-10-04 14:40,기타|애완묘 사료 주기,집,서울시 마포구 연남동,실내,혼자,/,/,/,아니오,보통,매우 높음,보통,낮음
2018-10-04 14:40,2018-10-04 15:40,수면,집,서울시 마포구 연남동,실내,혼자,/,/,/,아니오,긍정,매우 높음,보통,낮음
2018-10-04 15:40,2018-10-04 16:00,식사,집,서울시 마포구 연남동,실내,혼자,기타|고구마,적음,간식,예,보통,높음,보통,낮음
2018-10-04 16:00,2018-10-04 16:05,이동,기타|헬스장,서울시 마포구 연남동,실외,혼자,/,/,/,아니오,부정,높음,보통,낮음
2018-10-04 16:05,2018-10-04 16:30,기타|운동,기타|헬스장,서울시 마포구 연남동,실내,혼자,/,/,/,아니오,보통,높음,보통,낮음
2018-10-04 16:30,2018-10-04 16:50,기타|샤워,기타|헬스장,서울시 마포구 연남동,실내,혼자,/,/,/,아니오,보통,높음,보통,보통
2018-10-04 16:50,2018-10-04 17:30,이동,기타|남자친구 자동차,서울시 영등포구 여의동,실외,친밀한 관계|남자친구,/,/,/,아니오,보통,높음,보통,낮음
2018-10-04 17:30,2018-10-04 18:00,야외활동,야외|여의나루,서울시 영등포구 여의동,실외,친밀한 관계|남자친구,/,/,/,아니오,보통,낮음,보통,낮음
2018-10-04 18:00,2018-10-04 18:30,식사,야외|여의나루,서울시 영등포구 여의동,실외,친밀한 관계|남자친구,기타|치킨,매우 적음,저녁,아니오,긍정,낮음,보통,낮음
2018-10-04 18:30,2018-10-04 18:50,이동,기타|남자친구 자동차,서울시 영등포구 여의동,실외,친밀한 관계|남자친구,/,/,/,아니오,긍정,낮음,보통,낮음
2018-10-04 18:50,2018-10-04 20:00,능동적 여가|멀티방,기타|멀티방,서울시 서대문구 신촌동,실내,친밀한 관계|남자친구,/,/,/,아니오,긍정,낮음,보통,낮음
2018-10-04 20:00,2018-10-04 20:25,이동,기타|남자친구 자동차,서울시 서대문구 신촌동,실외,친밀한 관계|남자친구,/,/,/,아니오,긍정,낮음,낮음,낮음
2018-10-04 20:25,2018-10-04 21:00,식사,기타|남자친구 집,서울시 구로구 신도림동,실내,친밀한 관계|남자친구,기타|와인,적음,간식,아니오,매우 긍정,낮음,낮음,낮음
2018-10-04 21:00,2018-10-04 21:15,수동적 여가|TV 시청,기타|남자친구 집,서울시 구로구 신도림동,실내,친밀한 관계|남자친구,/,/,/,아니오,매우 긍정,낮음,낮음,낮음
2018-10-04 21:15,2018-10-04 21:30,수동적 여가|음악 감상,기타|남자친구 집,서울시 구로구 신도림동,실내,친밀한 관계|남자친구,/,/,/,아니오,매우 긍정,낮음,낮음,낮음
2018-10-04 21:30,2018-10-04 22:10,기타|촬영 사진 확인,기타|남자친구 집,서울시 구로구 신도림동,실내,친밀한 관계|남자친구,/,/,/,아니오,매우 긍정,낮음,낮음,낮음
2018-10-04 22:10,2018-10-04 22:40,이동,기타|남자친구 자동차,서울시 구로구 신도림동,실외,친밀한 관계|남자친구,/,/,/,아니오,긍정,낮음,낮음,낮음
2018-10-04 22:40,2018-10-04 23:00,능동적 여가|인스타그램 게시물 작성,집,서울시 마포구 연남동,실내,혼자,/,/,/,아니오,보통,낮음,낮음,낮음
2018-10-04 23:00,2018-10-04 23:10,기타|설거지,집,서울시 마포구 연남동,실내,혼자,/,/,/,아니오,보통,낮음,낮음,낮음
2018-10-04 23:10,2018-10-04 23:35,청소,집,서울시 마포구 연남동,실내,혼자,/,/,/,아니오,보통,낮음,낮음,낮음
2018-10-04 23:35,2018-10-04 23:59,수동적 여가|인터넷 신문 구독,집,서울시 마포구 연남동,실내,혼자,/,/,/,아니오,보통,낮음,낮음,낮음
