﻿start_time,end_time,activity,place,address,location,person,food,amount_of_food,meal_type,hunger,emotion,tiredness,temperature,humidity
2018-10-10 0:00,2018-10-10 0:20,사교|남자친구와 영상통화,집,서울시 마포구 연남동,실내,친밀한 관계|남자친구,/,/,/,아니오,긍정,낮음,낮음,낮음
2018-10-10 0:20,2018-10-10 0:45,기타|설거지 및 주방청소,집,서울시 마포구 연남동,실내,혼자,/,/,/,아니오,긍정,낮음,낮음,낮음
2018-10-10 0:45,2018-10-10 1:20,공부|루이비통 모델 오디션 준비,집,서울시 마포구 연남동,실내,혼자,/,/,/,아니오,긍정,낮음,낮음,낮음
2018-10-10 1:20,2018-10-10 2:00,공부|광고 콘티 숙지,집,서울시 마포구 연남동,실내,혼자,/,/,/,아니오,보통,높음,낮음,낮음
2018-10-10 2:00,2018-10-10 2:10,기타|빨래,집,서울시 마포구 연남동,실내,혼자,/,/,/,아니오,보통,높음,낮음,낮음
2018-10-10 2:10,2018-10-10 2:20,수동적 여가|음악 감상,집,서울시 마포구 연남동,실내,혼자,/,/,/,아니오,보통,높음,낮음,낮음
2018-10-10 2:20,2018-10-10 2:40,수동적 여가|TV 시청,집,서울시 마포구 연남동,실내,혼자,/,/,/,아니오,보통,높음,낮음,낮음
2018-10-10 2:40,2018-10-10 2:55,수동적 여가|웹툰 시청,집,서울시 마포구 연남동,실내,혼자,/,/,/,아니오,보통,높음,낮음,낮음
2018-10-10 2:55,2018-10-10 3:15,능동적 여가|애완묘와 놀기,집,서울시 마포구 연남동,실내,혼자,/,/,/,아니오,보통,높음,낮음,낮음
2018-10-10 3:15,2018-10-10 3:25,기타|빨래 널기,집,서울시 마포구 연남동,실내,혼자,/,/,/,아니오,부정,매우 높음,낮음,낮음
2018-10-10 3:25,2018-10-10 8:10,수면,집,서울시 마포구 연남동,실내,혼자,/,/,/,아니오,보통,높음,낮음,낮음
2018-10-10 8:10,2018-10-10 8:20,기타|헬스가방 꾸리기,집,서울시 마포구 연남동,실내,혼자,/,/,/,아니오,부정,매우 높음,낮음,낮음
2018-10-10 8:20,2018-10-10 8:25,기타|애완묘 사료 주기,집,서울시 마포구 연남동,실내,혼자,/,/,/,아니오,부정,매우 높음,낮음,낮음
2018-10-10 8:25,2018-10-10 8:30,이동,기타|헬스장,서울시 마포구 연남동,실외,혼자,/,/,/,아니오,매우 부정,매우 높음,낮음,낮음
2018-10-10 8:30,2018-10-10 9:00,기타|운동,기타|헬스장,서울시 마포구 연남동,실내,혼자,/,/,/,아니오,매우 부정,매우 높음,낮음,낮음
2018-10-10 9:00,2018-10-10 9:20,기타|샤워,기타|헬스장,서울시 마포구 연남동,실내,혼자,/,/,/,예,보통,매우 높음,보통,보통
2018-10-10 9:20,2018-10-10 9:25,이동,집,서울시 마포구 연남동,실외,혼자,/,/,/,예,부정,매우 높음,낮음,낮음
2018-10-10 9:25,2018-10-10 9:50,식사,집,서울시 마포구 연남동,실내,혼자,기타|단백질 파우더,적음,점심,아니오,부정,매우 높음,낮음,낮음
2018-10-10 9:50,2018-10-10 9:55,이동,카페,서울시 마포구 연남동,실외,혼자,/,/,/,아니오,부정,매우 높음,보통,낮음
2018-10-10 9:55,2018-10-10 10:05,식사|커피 테이크아웃,카페,서울시 마포구 연남동,실내,혼자,기타|아메리카노,적음,간식,아니오,보통,높음,보통,낮음
2018-10-10 10:05,2018-10-10 10:55,이동,대중교통|버스,서울시 마포구 연남동,실외,혼자,/,/,/,아니오,부정,높음,보통,낮음
2018-10-10 10:55,2018-10-10 11:15,업무|인터넷 쇼핑몰 2차 광고사진 촬영 준비,야외,서울시 종로구 익선동,실외,데면한 관계|쇼핑몰 스태프,/,/,/,아니오,부정,높음,보통,낮음
2018-10-10 11:15,2018-10-10 12:00,업무|인터넷 쇼핑몰 2차 광고사진 촬영,야외,서울시 종로구 익선동,실외,데면한 관계|쇼핑몰 스태프,/,/,/,아니오,부정,높음,보통,낮음
2018-10-10 12:00,2018-10-10 12:20,수동적 여가|휴식,야외,서울시 종로구 익선동,실외,혼자,/,/,/,아니오,보통,높음,보통,낮음
2018-10-10 12:20,2018-10-10 12:25,식사,야외,서울시 종로구 익선동,실외,혼자,기타|자양강장제,적음,기타,아니오,보통,높음,보통,낮음
2018-10-10 12:25,2018-10-10 13:50,업무|인터넷 쇼핑몰 2차 광고사진 촬영,야외,서울시 종로구 익선동,실외,데면한 관계|쇼핑몰 스태프,/,/,/,아니오,매우 부정,매우 높음,보통,낮음
2018-10-10 13:50,2018-10-10 14:00,수동적 여가|휴식,야외,서울시 종로구 익선동,실외,혼자,/,/,/,아니오,부정,매우 높음,보통,낮음
2018-10-10 14:00,2018-10-10 14:40,이동,대중교통|버스,서울시 종로구 익선동,실외,혼자,/,/,/,아니오,매우 부정,매우 높음,보통,낮음
2018-10-10 14:40,2018-10-10 15:40,수면,집,서울시 마포구 연남동,실내,혼자,/,/,/,아니오,긍정,매우 높음,보통,낮음
2018-10-10 15:40,2018-10-10 15:45,기타|애완묘 사료 주기,집,서울시 마포구 연남동,실내,혼자,/,/,/,아니오,보통,높음,보통,낮음
2018-10-10 15:45,2018-10-10 16:15,식사,집,서울시 마포구 연남동,실내,혼자,기타|김치볶음밥,적음,저녁,예,보통,낮음,보통,낮음
2018-10-10 16:15,2018-10-10 16:25,기타|설거지,집,서울시 마포구 연남동,실내,혼자,/,/,/,아니오,보통,낮음,낮음,낮음
2018-10-10 16:25,2018-10-10 16:45,청소,집,서울시 마포구 연남동,실내,혼자,/,/,/,아니오,보통,낮음,낮음,낮음
2018-10-10 16:45,2018-10-10 17:45,수동적 여가|TV 시청,집,서울시 마포구 연남동,실내,혼자,/,/,/,아니오,긍정,낮음,낮음,낮음
2018-10-10 17:45,2018-10-10 18:15,능동적 여가|다이어리 작성,집,서울시 마포구 연남동,실내,혼자,/,/,/,아니오,긍정,낮음,낮음,낮음
2018-10-10 18:15,2018-10-10 18:45,수동적 여가|인스타그램,집,서울시 마포구 연남동,실내,혼자,/,/,/,아니오,긍정,낮음,낮음,낮음
2018-10-10 18:45,2018-10-10 19:45,사교|남자친구와 영상통화,집,서울시 마포구 연남동,실내,친밀한 관계|남자친구,/,/,/,아니오,긍정,낮음,낮음,낮음
2018-10-10 19:45,2018-10-10 19:50,식사,집,서울시 마포구 연남동,실내,혼자,기타|영양제,적음,기타,아니오,긍정,낮음,낮음,낮음
2018-10-10 19:50,2018-10-10 20:50,기타|목욕,집,서울시 마포구 연남동,실내,혼자,/,/,/,아니오,매우 긍정,낮음,보통,보통
2018-10-10 20:50,2018-10-10 21:15,기타|피부관리,집,서울시 마포구 연남동,실내,혼자,/,/,/,아니오,매우 긍정,낮음,보통,보통
2018-10-10 21:15,2018-10-10 21:30,기타|네일관리,집,서울시 마포구 연남동,실내,혼자,/,/,/,아니오,매우 긍정,낮음,보통,보통
2018-10-10 21:30,2018-10-10 23:30,수동적 여가|영화 시청,집,서울시 마포구 연남동,실내,혼자,/,/,/,아니오,매우 긍정,낮음,보통,보통
2018-10-10 23:30,2018-10-10 23:59,기타|일정체크,집,서울시 마포구 연남동,실내,혼자,/,/,/,아니오,긍정,낮음,보통,보통
