﻿start_time,end_time,activity,place,address,location,person,food,amount_of_food,meal_type,hunger,emotion,tiredness,temperature,humidity
2018-04-11 0:00,2018-04-11 7:05,수면,기타|숙소,서울시 노원구 공릉동,실내,혼자,/,/,/,아니오,긍정,높음,보통,보통
2018-04-11 7:05,2018-04-11 7:15,이동,야외,서울시 노원구 공릉동,실외,친밀한 사람|건우,/,/,/,예,매우 긍정,매우 낮음,낮음,보통
2018-04-11 7:15,2018-04-11 7:25,식사,식당,서울시 노원구 공릉동,실내,친밀한 사람|건우,한식|설렁탕,매우 많음,아침,예,매우 긍정,매우 낮음,보통,보통
2018-04-11 7:25,2018-04-11 7:30,이동,야외,서울시 노원구 공릉동,실외,친밀한 사람|건우,/,/,/,아니오,부정,매우 낮음,낮음,보통
2018-04-11 7:30,2018-04-11 8:00,능동적 여가|인터넷 서핑,기타|숙소,서울시 노원구 공릉동,실내,혼자,/,/,/,아니오,매우 긍정,매우 낮음,보통,보통
2018-04-11 8:00,2018-04-11 8:05,이동,야외,서울시 노원구 공릉동,실외,친밀한 사람|윤호,/,/,/,아니오,긍정,매우 낮음,낮음,보통
2018-04-11 8:05,2018-04-11 10:05,기타|근력 운동,기타|체육관,서울시 노원구 공릉동,실내,친밀한 사람|관수,/,/,/,아니오,긍정,낮음,보통,보통
2018-04-11 10:05,2018-04-11 10:15,이동,야외,서울시 노원구 공릉동,실외,혼자,/,/,/,아니오,긍정,낮음,낮음,보통
2018-04-11 10:15,2018-04-11 11:00,식사,식당,서울시 노원구 공릉동,실내,혼자,기타|케이크,많음,간식,아니오,긍정,낮음,보통,보통
2018-04-11 11:00,2018-04-11 11:10,이동,야외,서울시 노원구 공릉동,실외,혼자,/,/,/,아니오,부정,낮음,보통,보통
2018-04-11 11:10,2018-04-11 12:00,능동적 여가|핸드폰 게임,기타|숙소,서울시 노원구 공릉동,실내,혼자,/,/,/,아니오,긍정,낮음,보통,보통
2018-04-11 12:00,2018-04-11 12:10,이동,야외,서울시 노원구 공릉동,실외,친밀한 사람|윤호,/,/,/,아니오,긍정,높음,보통,보통
2018-04-11 12:10,2018-04-11 12:20,식사,식당,서울시 노원구 공릉동,실내,친밀한 사람|윤호,한식|갈비찜,매우 많음,점심,아니오,긍정,높음,보통,보통
2018-04-11 12:20,2018-04-11 12:30,이동,야외,서울시 노원구 공릉동,실외,친밀한 사람|윤호,/,/,/,아니오,매우 부정,높음,보통,보통
2018-04-11 12:30,2018-04-11 13:00:00 PM,수면,기타|숙소,서울시 노원구 공릉동,실내,혼자,/,/,/,아니오,긍정,높음,보통,보통
2018-04-11 13:00:00 PM,2018-04-11 13:15:00 PM,이동,야외,서울시 노원구 공릉동,실외,혼자,/,/,/,아니오,긍정,매우 낮음,보통,보통
2018-04-11 13:15:00 PM,2018-04-11 17:05:00 PM,기타|수영 연습,기타|수영장,서울시 노원구 공릉동,실내,혼자,/,/,/,아니오,보통,낮음,보통,높음
2018-04-11 17:05:00 PM,2018-04-11 17:10:00 PM,이동,야외,서울시 노원구 공릉동,실외,혼자,/,/,/,예,보통,낮음,보통,보통
2018-04-11 17:10:00 PM,2018-04-11 18:05:00 PM,기타|근력 운동,기타|체육관,서울시 노원구 공릉동,실내,친밀한 사람|관수,/,/,/,예,보통,높음,보통,보통
2018-04-11 18:05:00 PM,2018-04-11 18:15:00 PM,이동,야외,서울시 노원구 공릉동,실외,혼자,/,/,/,예,보통,높음,보통,보통
2018-04-11 18:15:00 PM,2018-04-11 18:25:00 PM,식사,식당,서울시 노원구 공릉동,실내,혼자,양식|스파게티,매우 많음,저녁,예,보통,높음,보통,보통
2018-04-11 18:25:00 PM,2018-04-11 18:35:00 PM,이동,야외,서울시 노원구 공릉동,실외,혼자,/,/,/,아니오,부정,높음,보통,보통
2018-04-11 18:35:00 PM,2018-04-11 20:00:00 PM,능동적 여가|컴퓨터 게임,기타|PC 방,서울시 노원구 공릉동,실내,친밀한 사람|건우,/,/,/,아니오,긍정,높음,보통,보통
2018-04-11 20:00:00 PM,2018-04-11 20:10:00 PM,이동,야외,서울시 노원구 공릉동,실외,혼자,/,/,/,아니오,긍정,매우 높음,보통,보통
2018-04-11 20:10:00 PM,2018-04-11 20:20:00 PM,식사,상점|편의점,서울시 노원구 공릉동,실내,혼자,기타|라면,매우 많음,간식,아니오,긍정,매우 높음,보통,보통
2018-04-11 20:20:00 PM,2018-04-11 20:30:00 PM,이동,야외,서울시 노원구 공릉동,실외,혼자,/,/,/,아니오,매우 부정,매우 높음,보통,보통
2018-04-11 20:30:00 PM,2018-04-11 21:00:00 PM,청소,기타|숙소,서울시 노원구 공릉동,실내,혼자,/,/,/,아니오,긍정,매우 높음,보통,보통
2018-04-11 21:00:00 PM,2018-04-11 21:50:00 PM,능동적 여가|독서,기타|숙소,서울시 노원구 공릉동,실내,혼자,/,/,/,아니오,긍정,매우 높음,보통,보통
2018-04-11 21:50:00 PM,2018-04-11 22:30:00 PM,능동적 여가|TV 시청,기타|숙소,서울시 노원구 공릉동,실내,혼자,/,/,/,아니오,긍정,매우 높음,보통,보통
2018-04-11 22:30:00 PM,2018-04-11 24:00:00 AM,수면,기타|숙소,서울시 노원구 공릉동,실내,혼자,/,/,/,아니오,긍정,매우 높음,보통,보통