﻿start_time,end_time,activity,place,address,location,person,food,amount_of_food,meal_type,hunger,emotion,tiredness,temperature,humidity
2018-04-10 0:00,2018-04-10 7:00,수면,기타|숙소,서울시 노원구 공릉동,실내,혼자,/,/,/,아니오,긍정,높음,보통,보통
2018-04-10 7:00,2018-04-10 7:10,이동,야외,서울시 노원구 공릉동,실외,친밀한 사람|소영,/,/,/,예,매우 긍정,매우 낮음,보통,보통
2018-04-10 7:10,2018-04-10 7:15,식사,식당,서울시 노원구 공릉동,실내,친밀한 사람|소영,양식|팬케이크,매우 많음,아침,예,매우 긍정,매우 낮음,보통,보통
2018-04-10 7:15,2018-04-10 7:25,이동,야외,서울시 노원구 공릉동,실외,친밀한 사람|소영,/,/,/,아니오,부정,매우 낮음,보통,보통
2018-04-10 7:25,2018-04-10 8:00,능동적 여가|TV 시청,기타|숙소,서울시 노원구 공릉동,실내,혼자,/,/,/,아니오,매우 긍정,매우 낮음,보통,보통
2018-04-10 8:00,2018-04-10 8:05,이동,야외,서울시 노원구 공릉동,실외,친밀한 사람|윤호,/,/,/,아니오,긍정,매우 낮음,보통,보통
2018-04-10 8:05,2018-04-10 10:00,기타|근력 운동,기타|체육관,서울시 노원구 공릉동,실내,친밀한 사람|관수,/,/,/,아니오,긍정,매우 낮음,보통,보통
2018-04-10 10:00,2018-04-10 10:10,이동,야외,서울시 노원구 공릉동,실외,혼자,/,/,/,아니오,긍정,낮음,보통,보통
2018-04-10 10:10,2018-04-10 10:20,식사,식당,서울시 노원구 공릉동,실내,혼자,양식|샌드위치,매우 많음,간식,아니오,긍정,낮음,보통,보통
2018-04-10 10:20,2018-04-10 10:30,이동,야외,서울시 노원구 공릉동,실외,혼자,/,/,/,아니오,매우 부정,낮음,보통,보통
2018-04-10 10:30,2018-04-10 11:00,청소,기타|숙소,서울시 노원구 공릉동,실내,혼자,/,/,/,아니오,긍정,낮음,보통,보통
2018-04-10 11:00,2018-04-10 12:00,능동적 여가|TV 시청,기타|숙소,서울시 노원구 공릉동,실내,혼자,/,/,/,아니오,긍정,높음,보통,보통
2018-04-10 12:00,2018-04-10 12:10,이동,야외,서울시 노원구 공릉동,실외,친밀한 사람|건우,/,/,/,아니오,긍정,높음,보통,보통
2018-04-10 12:10,2018-04-10 12:20,식사,식당,서울시 노원구 공릉동,실내,친밀한 사람|건우,한식|찜닭,매우 많음,점심,아니오,긍정,높음,보통,보통
2018-04-10 12:20,2018-04-10 12:25,이동,야외,서울시 노원구 공릉동,실외,친밀한 사람|윤호,/,/,/,아니오,매우부정,매우 높음,보통,보통
2018-04-10 12:25,2018-04-10 13:00:00 PM,수면,기타|숙소,서울시 노원구 공릉동,실내,혼자,/,/,/,아니오,긍정,매우 높음,보통,보통
2018-04-10 13:00:00 PM,2018-04-10 13:15:00 PM,이동,야외,서울시 노원구 공릉동,실외,친밀한 사람|건우,/,/,/,아니오,긍정,매우 낮음,보통,보통
2018-04-10 13:15:00 PM,2018-04-10 17:00:00 PM,기타|수영 연습,기타|수영장,서울시 노원구 공릉동,실내,혼자,/,/,/,아니오,긍정,낮음,보통,높음
2018-04-10 17:00:00 PM,2018-04-10 17:10:00 PM,이동,야외,서울시 노원구 공릉동,실외,친밀한 사람|건우,/,/,/,아니오,긍정,낮음,보통,보통
2018-04-10 17:10:00 PM,2018-04-10 18:00:00 PM,기타|근력 운동,기타|체육관,서울시 노원구 공릉동,실내,친밀한 사람|관수,/,/,/,예,보통,낮음,보통,보통
2018-04-10 18:00:00 PM,2018-04-10 18:15,이동,야외,서울시 노원구 공릉동,실외,혼자,/,/,/,예,긍정,높음,보통,보통
2018-04-10 18:15,2018-04-10 18:30,식사,식당,서울시 노원구 공릉동,실내,친밀한 사람|시현,한식|부대찌개,매우 많음,저녁,예,긍정,높음,보통,보통
2018-04-10 18:30,2018-04-10 18:40,이동,야외,서울시 노원구 공릉동,실외,친밀한 사람|시현,/,/,/,아니오,부정,높음,보통,보통
2018-04-10 18:40,2018-04-10 19:20,야외활동|산책,공원,서울시 노원구 공릉동,실외,친밀한 사람|시현,/,/,/,아니오,긍정,높음,보통,보통
2018-04-10 19:20,2018-04-10 19:30,이동,야외,서울시 노원구 공릉동,실외,친밀한 사람|시현,/,/,/,아니오,긍정,높음,보통,보통
2018-04-10 19:30,2018-04-10 19:40,식사,카페,서울시 노원구 공릉동,실내,친밀한 사람|시현,기타|커피,매우 조금,간식,아니오,긍정,매우 높음,보통,보통
2018-04-10 19:40,2018-04-10 20:20,사교,카페,서울시 노원구 공릉동,실내,친밀한 사람|시현,/,/,/,아니오,긍정,매우 높음,보통,보통
2018-04-10 20:20,2018-04-10 20:30,이동,야외,서울시 노원구 공릉동,실외,친밀한 사람|시현,/,/,/,아니오,긍정,매우 높음,보통,보통
2018-04-10 20:30,2018-04-10 21:30,능동적 여가|독서,기타|숙소,서울시 노원구 공릉동,실내,혼자,/,/,/,아니오,긍정,매우 높음,보통,보통
2018-04-10 21:30,2018-04-10 24:00:00 AM,숙면,기타|숙소,서울시 노원구 공릉동,실내,혼자,/,/,/,아니오,긍정,매우 높음,보통,보통