start_time,end_time,activity,place,address,location,person,food,amount_of_food,meal_type,hunger,emotion,tiredness,temperature,humidity
2018-09-30 0:00,2018-09-30 0:03,흡연,야외,서울시/서대문구/창천동,실외,친밀한사람|정의훈,/,/,/,아니오,보통,높음,보통,보통
2018-09-30 0:03,2018-09-30 1:08,음주,집,서울시/서대문구/창천동,실내,친밀한사람|정의훈,주류|소주,많음,/,아니오,보통,높음,보통,보통
2018-09-30 1:08,2018-09-30 1:13,흡연,야외,서울시/서대문구/창천동,실외,친밀한사람|정의훈,/,/,/,아니오,보통,높음,보통,보통
2018-09-30 1:13,2018-09-30 1:28,세면,집,서울시/서대문구/창천동,실내,혼자,/,/,/,아니오,보통,높음,보통,보통
2018-09-30 1:28,2018-09-30 2:00,통화,집,서울시/서대문구/연희동,실내,"친밀한사람|정의훈,이지원",/,/,/,아니오,보통,높음,보통,보통
2018-09-30 2:00,2018-09-30 10:30,수면,집,서울시/서대문구/연희동,실내,혼자,/,/,/,아니오,긍정,높음,보통,보통
2018-09-30 10:30,2018-09-30 10:40,이동,야외,서울시/서대문구/신촌동,실외,친밀한 사람|정의훈,/,/,/,아니오,부정,높음,낮음,보통
2018-09-30 10:40,2018-09-30 10:50,식사,식당|E맛분식,서울시/서대문구/신촌동,실내,친밀한 사람|정의훈,기타|라면,적음,아침,아니오,부정,높음,낮음,보통
2018-09-30 10:50,2018-09-30 11:00,이동,집,서울시/서대문구/신촌동,실외,혼자,/,/,/,아니오,부정,높음,보통,보통
2018-09-30 11:00,2018-09-30 14:30,과제,집,서울시/서대문구/신촌동,실내,혼자,/,/,/,아니오,보통,보통,보통,보통
2018-09-30 14:30,2018-09-30 15:00,이동,야외,서울시/마포구/동교동,실외,친밀한 사람|정의훈,/,/,/,아니오,보통,보통,보통,보통
2018-09-30 15:00,2018-09-30 15:30,짐 옮기기,식당|Big table,서울시/마포구/동교동,실내,"친밀한 사람|정의훈, 김태완",/,/,/,아니오,보통,높음,보통,보통
2018-09-30 15:30,2018-09-30 15:40,흡연,야외,서울시/마포구/동교동,실외,친밀한 사람|정의훈,/,/,/,아니오,보통,높음,보통,보통
2018-09-30 15:40,2018-09-30 17:13,운동,야외,서울시/서대문구/연희동,실외,친밀한 사람|정의훈,/,/,/,예,보통,높음,보통,보통
2018-09-30 17:13,2018-09-30 17:40,식사,식당|육쌈냉면,서울시/서대문구/창천동,실내,친밀한 사람|정의훈,한식|냉면,많음,점심,예,긍정,높음,보통,보통
2018-09-30 17:40,2018-09-30 18:00,이동,야외,서울시/서대문구/연희동,실외,친밀한 사람|정의훈,/,/,/,아니오,긍정,높음,보통,보통
2018-09-30 18:00,2018-09-30 18:40,수면,집,서울시/서대문구/연희동,실내,혼자,/,/,/,아니오,긍정,높음,보통,보통
2018-09-30 18:40,2018-09-30 19:00,이동,야외,서울시/마포구/동교동,실외,혼자,/,/,/,아니오,보통,낮음,보통,보통
2018-09-30 19:10,2018-09-30 19:23,쇼핑,상점|가자주류마트,서울시/마포구/동교동,실내,친밀한 사람|정의훈,/,/,/,아니오,보통,낮음,낮음,보통
2018-09-30 19:23,2018-09-30 19:35,이동,야외,서울시/마포구/동교동,실외,친밀한 사람|정의훈,/,/,/,아니오,보통,낮음,낮음,보통
2018-09-30 19:35,2018-09-30 20:45,식사,식당|Big table,서울시/마포구/동교동,실내,"친밀한 사람|정의훈, 김태완, 강윤구",양식|바베큐,많음,저녁,아니오,긍정,보통,낮음,보통
2018-09-30 20:45,2018-09-30 20:55,흡연,야외,서울시/마포구/동교동,실외,"친밀한 사람|정의훈,강윤구",/,/,/,아니오,긍정,보통,낮음,보통
2018-09-30 20:55,2018-09-30 23:59,음주,식당|Big table,서울시/마포구/동교동,실내,"친밀한 사람|정의훈, 김태완, 강윤구",주류|위스키,많음,/,아니오,긍정,높음,낮음,보통
