start_time,end_time,activity,place,address,location,person,food,amount_of_food,meal_type,hunger,emotion,tiredness,temperature,humidity
2018-10-04 0:04,2018-10-04 0:04,게임,상점|V피시,서울시/서대문구/신촌동,실내,"친밀한 사람|박훈서, 김동권",/,/,/,아니오,부정,높음,낮음,보통
2018-10-04 0:04,2018-10-04 0:08,흡연,상점|V피시,서울시/서대문구/신촌동,실내,혼자,/,/,/,아니오,보통,높음,낮음,보통
2018-10-04 0:08,2018-10-04 0:48,게임,상점|V피시,서울시/서대문구/신촌동,실내,"친밀한 사람|박훈서, 김동권",/,/,/,아니오,긍정,높음,낮음,보통
2018-10-04 0:48,2018-10-04 1:01,이동,야외,서울시/서대문구/연희동,실외,혼자,/,/,/,예,보통,높음,낮음,보통
2018-10-04 1:01,2018-10-04 1:03,흡연,야외,서울시/서대문구/연희동,실외,혼자,/,/,/,예,보통,높음,낮음,보통
2018-10-04 1:03,2018-10-04 1:23,운동,집,서울시/서대문구/연희동,실내,혼자,/,/,/,예,보통,높음,낮음,보통
2018-10-04 1:23,2018-10-04 1:35,식사,집,서울시/서대문구/연희동,실내,혼자,기타|닭가슴살,적음,야식,예,보통,높음,낮음,보통
2018-10-04 1:35,2018-10-04 1:50,세면,집,서울시/서대문구/연희동,실내,혼자,/,/,/,예,보통,높음,낮음,보통
2018-10-04 1:50,2018-10-04 2:50,휴식,집,서울시/서대문구/연희동,실내,혼자,/,/,/,예,보통,높음,낮음,보통
2018-10-04 2:50,2018-10-04 9:50,수면,집,서울시/서대문구/연희동,실내,혼자,/,/,/,예,보통,높음,낮음,보통
2018-10-04 9:50,2018-10-04 10:03,샤워,집,서울시/서대문구/연희동,실내,혼자,/,/,/,예,보통,낮음,보통,보통
2018-10-04 10:03,2018-10-04 10:20,식사,집,서울시/서대문구/연희동,실내,친밀한 사람|정의훈,기타|닭가슴살,적음,아침,아니오,보통,낮음,보통,보통
2018-10-04 10:20,2018-10-04 10:23,흡연,야외,서울시/서대문구/연희동,실외,친밀한 사람|정의훈,/,/,/,아니오,보통,낮음,보통,보통
2018-10-04 10:23,2018-10-04 10:36,이동,야외,서울시/서대문구/신촌동,실외,친밀한 사람|정의훈,/,/,/,아니오,보통,낮음,보통,보통
2018-10-04 10:36,2018-10-04 11:47,운동,헬스장|스타칼리피트니스,서울시/서대문구/신촌동,실내,친밀한 사람|정의훈,/,/,/,아니오,보통,높음,보통,보통
2018-10-04 11:47,2018-10-04 12:03,샤워,헬스장|스타칼리피트니스,서울시/서대문구/신촌동,실내,친밀한 사람|정의훈,/,/,/,예,보통,높음,보통,보통
2018-10-04 12:03,2018-10-04 12:10,이동,야외,서울시/서대문구/연희동,실외,혼자,/,/,/,예,보통,높음,보통,보통
2018-10-04 12:10,2018-10-04 12:13,흡연,야외,서울시/서대문구/연희동,실외,혼자,/,/,/,예,보통,높음,보통,보통
2018-10-04 12:13,2018-10-04 12:20,쇼핑,상점|한울샘,서울시/서대문구/연희동,실내,혼자,/,/,/,예,보통,높음,보통,보통
2018-10-04 12:20,2018-10-04 12:25,이동,야외,서울시/서대문구/신촌동,실외,혼자,/,/,/,예,보통,높음,보통,보통
2018-10-04 12:25,2018-10-04 12:45,식사,학교|공A321,서울시/서대문구/신촌동,실내,혼자,기타|닭가슴살,적음,점심,아니오,보통,보통,보통,보통
2018-10-04 12:45,2018-10-04 12:48,흡연,야외,서울시/서대문구/신촌동,실외,친밀한사람|홍승철,/,/,/,아니오,보통,보통,보통,보통
2018-10-04 12:48,2018-10-04 13:00,이동,학교,서울시/서대문구/신촌동,실내,친밀한사람|홍승철,/,/,/,아니오,보통,보통,보통,보통
2018-10-04 13:00,2018-10-04 13:50,수업,학교|공A528,서울시/서대문구/신촌동,실내,"친밀한사람|홍승철,김연완,강영준,김지현",/,/,/,아니오,보통,보통,보통,보통
2018-10-04 13:50,2018-10-04 14:00,흡연,야외,서울시/서대문구/신촌동,실외,친밀한사람|홍승철,/,/,/,아니오,보통,보통,보통,보통
2018-10-04 14:00,2018-10-04 14:50,수업,학교|공A528,서울시/서대문구/신촌동,실내,"친밀한사람|홍승철,김연완,강영준,김지현",/,/,/,아니오,보통,보통,보통,보통
2018-10-04 14:50,2018-10-04 15:00,흡연,야외,서울시/서대문구/신촌동,실외,친밀한사람|홍승철,/,/,/,아니오,보통,보통,보통,보통
2018-10-04 15:00,2018-10-04 15:37,수업,학교|공D504,서울시/서대문구/신촌동,실내,혼자,/,/,/,아니오,보통,보통,보통,보통
2018-10-04 15:37,2018-10-04 16:47,휴식,학교|공A321,서울시/서대문구/신촌동,실내,친밀한사람|박승훈,/,/,/,아니오,보통,보통,보통,보통
2018-10-04 16:47,2018-10-04 17:00,이동,야외,서울시/서대문구/신촌동,실외,혼자,/,/,/,아니오,보통,보통,보통,보통
2018-10-04 17:00,2018-10-04 17:50,운동,헬스장|스타칼리피트니스,서울시/서대문구/신촌동,실내,친밀하지않은사람|트레이너,/,/,/,예,보통,높음,보통,높음
2018-10-04 17:50,2018-10-04 18:04,샤워,헬스장|스타칼리피트니스,서울시/서대문구/신촌동,실내,혼자,/,/,/,예,보통,높음,보통,보통
2018-10-04 18:04,2018-10-04 18:11,이동,야외,서울시/서대문구/신촌동,실외,혼자,/,/,/,예,보통,높음,보통,보통
2018-10-04 18:11,2018-10-04 18:15,흡연,야외,서울시/서대문구/신촌동,실외,혼자,/,/,/,예,보통,높음,보통,보통
2018-10-04 18:15,2018-10-04 18:20,쇼핑,상점|한울샘,서울시/서대문구/신촌동,실내,혼자,/,/,/,예,보통,높음,보통,보통
2018-10-04 18:20,2018-10-04 18:25,이동,야외,서울시/서대문구/신촌동,실외,혼자,/,/,/,예,보통,높음,보통,보통
2018-10-04 18:25,2018-10-04 18:40,식사,학교|공A321,서울시/서대문구/신촌동,실내,친밀한사람|김준형,기타|닭가슴살,적음,저녁,예,보통,보통,보통,보통
2018-10-04 18:40,2018-10-04 19:53,공부,학교|공A321,서울시/서대문구/신촌동,실내,친밀한사람|김준형,/,/,/,아니오,보통,보통,보통,보통
2018-10-04 19:53,2018-10-04 19:58,흡연,야외,서울시/서대문구/신촌동,실외,친밀한사람|김준형,/,/,/,아니오,보통,보통,보통,보통
2018-10-04 19:58,2018-10-04 20:33,공부,학교|공A321,서울시/서대문구/신촌동,실내,친밀한사람|김준형,/,/,/,아니오,보통,보통,보통,보통
2018-10-04 20:33,2018-10-04 20:40,이동,야외,서울시/서대문구/신촌동,실외,친밀한사람|김준형,/,/,/,아니오,보통,보통,보통,보통
2018-10-04 20:40,2018-10-04 21:23,게임,상점|V피시,서울시/서대문구/신촌동,실내,혼자,/,/,/,아니오,긍정,보통,보통,보통
2018-10-04 21:23,2018-10-04 21:27,흡연,상점|V피시,서울시/서대문구/신촌동,실내,"친밀한사람|배성윤, 최재혁",/,/,/,아니오,보통,보통,보통,보통
2018-10-04 21:27,2018-10-04 22:11,게임,상점|V피시,서울시/서대문구/신촌동,실내,혼자,/,/,/,아니오,긍정,보통,보통,보통
2018-10-04 22:11,2018-10-04 22:14,흡연,상점|V피시,서울시/서대문구/신촌동,실내,"친밀한사람|배성윤, 최재혁",/,/,/,아니오,보통,보통,낮음,보통
2018-10-04 22:14,2018-10-04 22:47,게임,상점|V피시,서울시/서대문구/신촌동,실내,혼자,/,/,/,아니오,부정,보통,낮음,보통
2018-10-04 22:47,2018-10-04 23:00,이동,야외,서울시/서대문구/연희동,실외,혼자,/,/,/,아니오,보통,보통,낮음,보통
2018-10-04 23:00,2018-10-04 23:04,흡연,야외,서울시/서대문구/연희동,실외,친밀한사람|정의훈,/,/,/,아니오,보통,보통,낮음,보통
2018-10-04 23:04,2018-10-04 23:17,이동,야외,서울시/서대문구/창천동,실외,친밀한사람|정의훈,/,/,/,아니오,보통,보통,낮음,보통
2018-10-04 23:17,2018-10-04 23:59,음주,식당|포차스미스,서울시/서대문구/창천동,실내,"친밀한사람|정의훈, 강윤구",주류|맥주,적음,/,아니오,보통,보통,낮음,보통
