start_time,end_time,activity,place,address,location,person,food,amount_of_food,meal_type,hunger,emotion,tiredness,temperature,humidity
2018-10-05 0:00,2018-10-05 0:17,음주,식당|포차스미스,서울시/서대문구/창천동,실내,"친밀한사람|정의훈, 강윤구",주류|맥주,적음,/,아니오,보통,보통,낮음,보통
2018-10-05 0:17,2018-10-05 0:21,흡연,야외,서울시/서대문구/창천동,실외,"친밀한사람|정의훈, 강윤구",/,/,/,아니오,보통,보통,낮음,보통
2018-10-05 0:21,2018-10-05 1:25,음주,식당|포차스미스,서울시/서대문구/창천동,실내,"친밀한사람|정의훈, 강윤구",주류|맥주,적음,/,아니오,보통,보통,낮음,보통
2018-10-05 1:25,2018-10-05 1:28,흡연,야외,서울시/서대문구/창천동,실외,"친밀한사람|정의훈, 강윤구",/,/,/,아니오,보통,보통,낮음,보통
2018-10-05 1:28,2018-10-05 1:40,이동,야외,서울시/서대문구/연희동,실외,친밀한사람|정의훈,/,/,/,아니오,보통,보통,낮음,보통
2018-10-05 1:40,2018-10-05 1:43,쇼핑,상점|GS25,서울시/서대문구/연희동,실내,친밀한사람|정의훈,/,/,/,아니오,보통,보통,낮음,보통
2018-10-05 1:43,2018-10-05 2:00,식사,집,서울시/서대문구/연희동,실내,친밀한사람|정의훈,기타|라면,보통,야식,아니오,보통,보통,낮음,보통
2018-10-05 2:00,2018-10-05 2:17,세면,집,서울시/서대문구/연희동,실내,혼자,/,/,/,아니오,보통,보통,낮음,보통
2018-10-05 2:17,2018-10-05 2:58,휴식,집,서울시/서대문구/연희동,실내,혼자,/,/,/,아니오,보통,보통,낮음,보통
2018-10-05 2:58,2018-10-05 10:04,수면,집,서울시/서대문구/연희동,실내,혼자,/,/,/,아니오,보통,보통,낮음,보통
2018-10-05 10:04,2018-10-05 10:19,샤워,집,서울시/서대문구/연희동,실내,혼자,/,/,/,아니오,보통,보통,보통,보통
2018-10-05 10:19,2018-10-05 10:23,흡연,야외,서울시/서대문구/연희동,실외,친밀한사람|정의훈,/,/,/,아니오,보통,보통,보통,보통
2018-10-05 10:23,2018-10-05 10:40,식사,집,서울시/서대문구/연희동,실내,친밀한사람|정의훈,기타|닭가슴살,적음,보통,아니오,보통,보통,보통,보통
2018-10-05 10:40,2018-10-05 11:33,수면,집,서울시/서대문구/연희동,실내,혼자,/,/,/,아니오,보통,보통,보통,보통
2018-10-05 11:33,2018-10-05 11:52,공부,집,서울시/서대문구/연희동,실내,혼자,/,/,/,아니오,보통,보통,보통,보통
2018-10-05 11:52,2018-10-05 12:19,운동,집,서울시/서대문구/연희동,실내,혼자,/,/,/,아니오,보통,보통,보통,보통
2018-10-05 12:19,2018-10-05 12:38,휴식,집,서울시/서대문구/연희동,실내,혼자,/,/,/,아니오,보통,보통,보통,보통
2018-10-05 12:38,2018-10-05 12:50,이동,야외,서울시/서대문구/신촌동,실외,혼자,/,/,/,아니오,보통,보통,보통,보통
2018-10-05 12:50,2018-10-05 12:54,흡연,야외,서울시/서대문구/신촌동,실외,혼자,/,/,/,아니오,보통,보통,보통,보통
2018-10-05 12:54,2018-10-05 13:00:00 PM,이동,야외,서울시/서대문구/신촌동,실외,혼자,/,/,/,아니오,보통,보통,보통,보통
2018-10-05 13:00,2018-10-05 13:50,수업,학교|공D603,서울시/서대문구/신촌동,실내,혼자,/,/,/,아니오,보통,보통,보통,보통
2018-10-05 13:50,2018-10-05 14:00,이동,학교,서울시/서대문구/신촌동,실내,혼자,/,/,/,아니오,보통,보통,보통,보통
2018-10-05 14:00,2018-10-05 14:50,수업,학교|공D504,서울시/서대문구/신촌동,실내,"친밀한사람|김준형,김연완,홍승철",/,/,/,예,보통,보통,보통,보통
2018-10-05 14:50,2018-10-05 15:03,이동,야외,서울시/서대문구/신촌동,실외,친밀한사람|김준형,/,/,/,예,보통,보통,보통,보통
2018-10-05 15:03,2018-10-05 16:16,이동,야외,서울시/노원구/상계동,실외,친밀한사람|김준형,/,/,/,예,보통,보통,보통,보통
2018-10-05 16:16,2018-10-05 16:39,식사,식당|만복국수집,서울시/노원구/상계동,실내,혼자,한식|국수,많음,저녁,예,보통,보통,보통,보통
2018-10-05 16:39,2018-10-05 16:54,이동,야외,서울시/노원구/상계동,실외,혼자,/,/,/,아니오,보통,보통,보통,보통
2018-10-05 16:54,2018-10-05 16:58,흡연,야외,서울시/노원구/상계동,실외,혼자,/,/,/,아니오,보통,보통,보통,보통
2018-10-05 16:58,2018-10-05 17:50,아르바이트,학원|수학학원,서울시/노원구/상계동,실외,혼자,/,/,/,아니오,보통,보통,보통,보통
2018-10-05 17:50,2018-10-05 17:55,흡연,야외,서울시/노원구/상계동,실외,혼자,/,/,/,아니오,보통,보통,보통,보통
2018-10-05 17:55,2018-10-05 19:33,아르바이트,학원|수학학원,서울시/노원구/상계동,실외,혼자,/,/,/,아니오,보통,보통,보통,보통
2018-10-05 19:33,2018-10-05 19:38,흡연,야외,서울시/노원구/상계동,실외,혼자,/,/,/,아니오,보통,보통,보통,보통
2018-10-05 19:38,2018-10-05 20:50,아르바이트,학원|수학학원,서울시/노원구/상계동,실외,혼자,/,/,/,예,보통,보통,보통,보통
2018-10-05 20:50,2018-10-05 20:54,흡연,야외,서울시/노원구/상계동,실외,혼자,/,/,/,예,보통,보통,보통,보통
2018-10-05 20:54,2018-10-05 21:17,이동,야외,서울시/노원구/중계동,실외,혼자,/,/,/,예,보통,보통,보통,보통
2018-10-05 21:17,2018-10-05 21:30,휴식,집,서울시/노원구/중계동,실내,혼자,/,/,/,예,보통,보통,낮음,보통
2018-10-05 21:30,2018-10-05 22:48,이동,야외,서울시/마포구/동교동,실외,혼자,/,/,/,예,보통,보통,낮음,보통
2018-10-05 22:48,2018-10-05 22:51,흡연,야외,서울시/마포구/동교동,실외,혼자,/,/,/,예,보통,보통,낮음,보통
2018-10-05 22:51,2018-10-05 23:59,음주,식당|홍대노가리,서울시/마포구/동교동,실내,"친밀한사람|김태완,정의훈,강윤구,김성훈",주류|맥주,적음,/,아니오,보통,보통,낮음,보통
