start_time,end_time,activity,place,address,location,person,food,amount_of_food,meal_type,hunger,emotion,tiredness,temperature,humidity
2018-10-08 0:00,2018-10-08 1:07,음주,집,서울시/서대문구/연희동,실내,친밀한사람|정의훈,주류|소주,많음,/,아니오,긍정,높음,낮음,보통
2018-10-08 1:07,2018-10-08 1:10,흡연,야외,서울시/서대문구/연희동,실외,친밀한사람|정의훈,/,/,/,아니오,긍정,높음,낮음,보통
2018-10-08 1:10,2018-10-08 1:25,세면,집,서울시/서대문구/연희동,실내,혼자,/,/,/,아니오,긍정,높음,낮음,보통
2018-10-08 1:25,2018-10-08 2:13,여가|TV시청,집,서울시/서대문구/연희동,실내,혼자,/,/,/,아니오,긍정,보통,낮음,보통
2018-10-08 2:13,2018-10-08 9:30,수면,집,서울시/서대문구/연희동,실내,혼자,/,/,/,아니오,긍정,보통,낮음,보통
2018-10-08 9:30,2018-10-08 9:40,구토,집,서울시/서대문구/연희동,실내,혼자,/,/,/,아니오,부정,높음,보통,보통
2018-10-08 9:40,2018-10-08 9:55,샤워,집,서울시/서대문구/연희동,실내,혼자,/,/,/,아니오,부정,높음,보통,보통
2018-10-08 9:55,2018-10-08 10:00,이동,야외,서울시/서대문구/연희동,실외,혼자,/,/,/,아니오,부정,높음,보통,보통
2018-10-08 10:00,2018-10-08 13:00,수업,학교|공D401,서울시/서대문구/신촌동,실내,"친밀하지않은사람|유시훈,남양국,최원기",/,/,/,아니오,보통,보통,보통,보통
2018-10-08 13:00,2018-10-08 13:10,이동,야외,서울시/서대문구/연희동,실외,혼자,/,/,/,아니오,보통,보통,보통,보통
2018-10-08 13:10,2018-10-08 13:30,식사,식당|미스사이공,서울시/서대문구/신촌동,실내,혼자,기타|쌀국수,보통,점심,아니오,보통,보통,보통,보통
2018-10-08 13:30,2018-10-08 13:34,흡연,야외,서울시/서대문구/신촌동,실외,친밀한사람|이동용,/,/,/,아니오,보통,보통,보통,보통
2018-10-08 13:34,2018-10-08 13:40,이동,야외,서울시/서대문구/신촌동,실외,혼자,/,/,/,아니오,보통,보통,보통,보통
2018-10-08 13:40,2018-10-08 14:00,휴식,학교|공A321,서울시/서대문구/신촌동,실내,친밀하지않은사람|오정윤,/,/,/,아니오,보통,보통,보통,보통
