start_time,end_time,activity,place,address,location,person,food,amount_of_food,meal_type,hunger,emotion,tiredness,temperature,humidity
2018-10-07 0:04,2018-10-07 0:08,흡연,상점|V피시,서울시/서대문구/신촌동,실내,혼자,/,/,/,아니오,보통,높음,낮음,보통
2018-10-07 0:08,2018-10-07 0:48,게임,상점|V피시,서울시/서대문구/신촌동,실내,"친밀한 사람|박훈서, 김동권",/,/,/,아니오,부정,높음,낮음,보통
2018-10-07 0:48,2018-10-07 1:01,이동,야외,서울시/서대문구/연희동,실외,혼자,/,/,/,예,보통,높음,낮음,보통
2018-10-07 1:01,2018-10-07 1:03,흡연,야외,서울시/서대문구/연희동,실외,혼자,/,/,/,예,보통,높음,낮음,보통
2018-10-07 1:03,2018-10-07 1:23,운동,집,서울시/서대문구/연희동,실내,혼자,/,/,/,예,보통,높음,낮음,보통
2018-10-07 1:23,2018-10-07 1:35,식사,집,서울시/서대문구/연희동,실내,혼자,기타|닭가슴살,적음,야식,예,보통,높음,낮음,보통
2018-10-07 1:35,2018-10-07 1:50,세면,집,서울시/서대문구/연희동,실내,혼자,/,/,/,예,보통,높음,낮음,보통
2018-10-07 1:50,2018-10-07 2:50,휴식,집,서울시/서대문구/연희동,실내,혼자,/,/,/,예,보통,높음,낮음,보통
2018-10-07 2:50,2018-10-07 9:50,수면,집,서울시/서대문구/연희동,실내,혼자,/,/,/,예,보통,높음,보통,보통
2018-10-07 9:50,2018-10-07 9:54,흡연,야외,서울시/서대문구/연희동,실외,혼자,/,/,/,예,보통,낮음,보통,보통
2018-10-07 9:54,2018-10-07 10:13,세면,집,서울시/서대문구/연희동,실내,혼자,/,/,/,예,보통,낮음,보통,보통
2018-10-07 10:13,2018-10-07 10:35,식사,집,서울시/서대문구/연희동,실내,친밀한사람|정의훈,한식|뼈해장국,적음,아침,예,긍정,낮음,보통,보통
2018-10-07 10:35,2018-10-07 10:38,흡연,야외,서울시/서대문구/연희동,실외,친밀한사람|정의훈,/,/,/,아니오,보통,낮음,보통,보통
2018-10-07 10:38,2018-10-07 12:05,수면,집,서울시/서대문구/연희동,실내,혼자,/,/,/,아니오,보통,낮음,보통,보통
2018-10-07 12:05,2018-10-07 12:35,청소,집,서울시/서대문구/연희동,실내,친밀한사람|정의훈,/,/,/,아니오,보통,보통,보통,보통
2018-10-07 12:35,2018-10-07 13:55,여가|TV시청,집,서울시/서대문구/연희동,실내,친밀한사람|정의훈,/,/,/,아니오,보통,보통,보통,보통
2018-10-07 13:55,2018-10-07 14:09,이동,야외,서울시/서대문구/창천동,실외,친밀한사람|정의훈,/,/,/,아니오,보통,보통,보통,보통
2018-10-07 14:09,2018-10-07 14:25,식사,식당|고삼이,서울시/서대문구/창천동,실내,친밀한사람|정의훈,한식|고등어구이,보통,점심,아니오,긍정,보통,보통,보통
2018-10-07 14:25,2018-10-07 15:45,운동,헬스장|스타칼리피트니스,서울시/서대문구/신촌동,실내,친밀한사람|정의훈,/,/,/,아니오,보통,높음,보통,높음
2018-10-07 15:45,2018-10-07 16:00,샤워,헬스장|스타칼리피트니스,서울시/서대문구/신촌동,실내,친밀한사람|정의훈,/,/,/,아니오,보통,높음,보통,높음
2018-10-07 16:00,2018-10-07 16:04,흡연,야외,서울시/서대문구/신촌동,실외,친밀한사람|정의훈,/,/,/,아니오,보통,높음,보통,보통
2018-10-07 16:04,2018-10-07 16:18,이동,야외,서울시/서대문구/신촌동,실외,친밀한사람|정의훈,/,/,/,아니오,보통,높음,보통,보통
2018-10-07 16:18,2018-10-07 17:40,쇼핑,상점|현대UPLEX,서울시/서대문구/신촌동,실내,친밀한사람|정의훈,/,/,/,예,보통,높음,보통,보통
2018-10-07 17:40,2018-10-07 18:10,식사,식당|춘천닭갈비,서울시/서대문구/창천동,실내,친밀한사람|정의훈,한식|닭갈비,보통,저녁,예,보통,보통,보통,보통
2018-10-07 18:10,2018-10-07 18:14,흡연,야외,서울시/서대문구/창천동,실외,친밀한사람|정의훈,/,/,/,아니오,보통,보통,보통,보통
2018-10-07 18:14,2018-10-07 18:27,이동,야외,서울시/서대문구/신촌동,실외,혼자,/,/,/,아니오,보통,보통,보통,보통
2018-10-07 18:27,2018-10-07 21:30,공부,학교|도서관,서울시/서대문구/신촌동,실내,혼자,/,/,/,아니오,보통,높음,보통,보통
2018-10-07 21:30,2018-10-07 21:40,이동,야외,서울시/서대문구/연희동,실외,혼자,/,/,/,아니오,보통,보통,보통,보통
2018-10-07 21:40,2018-10-07 21:45,쇼핑,상점|GS25,서울시/서대문구/연희동,실외,혼자,/,/,/,아니오,보통,보통,낮음,보통
2018-10-07 21:45,2018-10-07 21:50,이동,야외,서울시/서대문구/연희동,실외,혼자,/,/,/,아니오,보통,보통,낮음,보통
2018-10-07 21:50,2018-10-07 22:50,음주,집,서울시/서대문구/연희동,실내,친밀한사람|정의훈,주류|소주,많음,/,아니오,긍정,높음,낮음,보통
2018-10-07 22:50,2018-10-07 22:53,흡연,야외,서울시/서대문구/연희동,실외,친밀한사람|정의훈,/,/,/,아니오,긍정,높음,낮음,보통
2018-10-07 22:53,2018-10-07 23:38,음주,집,서울시/서대문구/연희동,실내,친밀한사람|정의훈,주류|소주,많음,/,아니오,긍정,높음,낮음,보통
2018-10-07 23:38,2018-10-07 23:45,흡연,야외,서울시/서대문구/연희동,실외,친밀한사람|정의훈,/,/,/,아니오,긍정,높음,낮음,보통
2018-10-07 23:45,2018-10-07 23:59,식사,집,서울시/서대문구/연희동,실내,친밀한사람|정의훈,기타|치킨,많음,야식,아니오,긍정,높음,낮음,보통
