start_time,end_time,activity,place,address,location,person,food,amount_of_food,meal_type,hunger,emotion,tiredness,temperature,humidity
2018-10-01 0:00,2018-10-01 0:05,흡연,야외,서울시/마포구/동교동,실외,"친밀한 사람|정의훈,강윤구",/,/,/,아니오,긍정,높음,낮음,보통
2018-10-01 0:05,2018-10-01 1:25,이동,야외,서울시/서대문구/연희동,실외,혼자,/,/,/,아니오,긍정,높음,낮음,보통
2018-10-01 1:25,2018-10-01 1:40,세면,집,서울시/서대문구/연희동,실내,혼자,/,/,/,아니오,긍정,높음,낮음,보통
2018-10-01 1:40,2018-10-01 9:40,수면,집,서울시/서대문구/연희동,실내,혼자,/,/,/,아니오,보통,낮음,낮음,보통
2018-10-01 9:40,2018-10-01 10:00,샤워,집,서울시/서대문구/연희동,실내,혼자,/,/,/,아니오,부정,낮음,낮음,보통
2018-10-01 10:00,2018-10-01 10:04,흡연,야외,서울시/서대문구/연희동,실외,혼자,/,/,/,아니오,부정,낮음,낮음,보통
2018-10-01 10:04,2018-10-01 10:19,이동,야외,서울시/서대문구/창천동,실외,혼자,/,/,/,아니오,부정,낮음,낮음,보통
2018-10-01 10:19,2018-10-01 11:39,운동,헬스장|스타칼리 피트니스,서울시/서대문구/창천동,실외,혼자,/,/,/,아니오,부정,높음,낮음,보통
2018-10-01 11:39,2018-10-01 11:50,이동,야외,서울시/서대문구/신촌동,실외,혼자,/,/,/,예,부정,보통,보통,보통
2018-10-01 11:50,2018-10-01 12:23,식사,식당|미스 사이공,서울시/서대문구/신촌동,실외,혼자,기타|쌀국수,많음,점심,예,부정,보통,보통,보통
2018-10-01 12:23,2018-10-01 12:28,흡연,야외,서울시/서대문구/신촌동,실외,혼자,/,/,/,아니오,보통,보통,보통,보통
2018-10-01 12:28,2018-10-01 12:36,이동,야외,서울시/서대문구/신촌동,실외,혼자,/,/,/,아니오,보통,보통,보통,보통
2018-10-01 12:36,2018-10-01 14:45,공부,학교|도서관,서울시/서대문구/신촌동,실내,혼자,/,/,/,아니오,보통,보통,보통,보통
2018-10-01 14:45,2018-10-01 14:50,흡연,야외,서울시/서대문구/신촌동,실외,혼자,/,/,/,아니오,보통,보통,보통,보통
2018-10-01 14:50,2018-10-01 15:00,이동,야외,서울시/서대문구/신촌동,실외,혼자,/,/,/,아니오,보통,보통,보통,보통
2018-10-01 15:00,2018-10-01 15:50,수업,학교|공D504,서울시/서대문구/신촌동,실내,"친밀한 사람|김준형,박승훈",/,/,/,아니오,보통,보통,보통,보통
2018-10-01 15:50,2018-10-01 16:00,흡연,야외,서울시/서대문구/신촌동,실외,"친밀한 사람|김준형,박승훈",/,/,/,아니오,보통,보통,보통,보통
2018-10-01 16:00,2018-10-01 16:50,수업,학교|공D504,서울시/서대문구/신촌동,실내,"친밀한 사람|김준형,박승훈",/,/,/,아니오,보통,보통,보통,보통
2018-10-01 16:50,2018-10-01 17:00,흡연,야외,서울시/서대문구/신촌동,실외,"친밀한 사람|김준형,박승훈",/,/,/,아니오,보통,보통,보통,보통
2018-10-01 17:00,2018-10-01 17:13,이동,야외,서울시/서대문구/연희동,실외,혼자,/,/,/,아니오,보통,보통,보통,보통
2018-10-01 17:13,2018-10-01 19:03,휴식,집,서울시/서대문구/연희동,실내,혼자,/,/,/,아니오,보통,보통,보통,보통
2018-10-01 19:03,2018-10-01 19:19,이동,야외,서울시/서대문구/창천동,실외,혼자,/,/,/,예,보통,보통,낮음,보통
2018-10-01 19:19,2018-10-01 19:54,식사,식당|한울타리,서울시/서대문구/창천동,실내,친밀한 사람|조인,한식|삼겹살,많음,저녁,예,긍정,보통,낮음,보통
2018-10-01 19:54,2018-10-01 19:58,흡연,야외,서울시/서대문구/창천동,실외,친밀한 사람|조인,/,/,/,아니오,긍정,보통,낮음,보통
2018-10-01 19:58,2018-10-01 20:30,음주,식당|한울타리,서울시/서대문구/창천동,실내,친밀한 사람|조인,주류|소주,적음,/,아니오,긍정,보통,낮음,보통
2018-10-01 20:30,2018-10-01 20:35,흡연,야외,서울시/서대문구/창천동,실외,친밀한 사람|조인,/,/,/,아니오,긍정,보통,낮음,보통
2018-10-01 20:35,2018-10-01 20:41,이동,야외,서울시/서대문구/창천동,실외,친밀한 사람|조인,/,/,/,아니오,긍정,보통,낮음,보통
2018-10-01 20:41,2018-10-01 21:28,음주,식당|맥주바다,서울시/서대문구/창천동,실내,친밀한 사람|조인,주류|맥주,적음,/,아니오,긍정,보통,낮음,보통
2018-10-01 21:28,2018-10-01 21:33,흡연,야외,서울시/서대문구/창천동,실외,친밀한 사람|조인,/,/,/,아니오,긍정,보통,낮음,보통
2018-10-01 21:33,2018-10-01 22:48,음주,식당|맥주바다,서울시/서대문구/창천동,실내,친밀한 사람|조인,주류|맥주,적음,/,아니오,긍정,보통,낮음,보통
2018-10-01 22:48,2018-10-01 22:55,이동,야외,서울시/서대문구/창천동,실외,혼자,/,/,/,아니오,긍정,보통,낮음,보통
2018-10-01 22:55,2018-10-01 23:28,게임,상점|V피시,서울시/서대문구/창천동,실내,"친밀한 사람|김동권, 김경천",/,/,/,아니오,부정,보통,낮음,보통
2018-10-01 23:28,2018-10-01 23:32,흡연,상점|V피시,서울시/서대문구/창천동,실내,혼자,/,/,/,아니오,보통,보통,낮음,보통
2018-10-01 23:32,2018-10-01 23:59,게임,상점|V피시,서울시/서대문구/창천동,실내,"친밀한 사람|김동권, 김경천",/,/,/,아니오,보통,보통,낮음,보통
