start_time,end_time,activity,place,address,location,person,food,amount_of_food,meal_type,hunger,emotion,tiredness,temperature,humidity
2018-10-06 0:00,2018-10-06 1:01,음주,식당|홍대노가리,서울시/마포구/동교동,실내,"친밀한사람|김태완,정의훈,강윤구,김성훈",주류|맥주,적음,/,아니오,보통,보통,낮음,보통
2018-10-06 1:01,2018-10-06 1:23,이동,야외,서울시/서대문구/신촌동,실외,혼자,/,/,/,아니오,보통,보통,낮음,보통
2018-10-06 1:23,2018-10-06 1:53,게임,상점|V피시,서울시/서대문구/신촌동,실내,친밀한 사람|김동권,/,/,/,아니오,부정,높음,낮음,보통
2018-10-06 1:53,2018-10-06 2:07,흡연,상점|V피시,서울시/서대문구/신촌동,실내,혼자,/,/,/,아니오,보통,높음,낮음,보통
2018-10-06 2:07,2018-10-06 2:38,게임,상점|V피시,서울시/서대문구/신촌동,실내,친밀한 사람|김동권,/,/,/,아니오,긍정,높음,낮음,보통
2018-10-06 2:38,2018-10-06 2:50,흡연,상점|V피시,서울시/서대문구/신촌동,실내,혼자,/,/,/,아니오,긍정,높음,낮음,보통
2018-10-06 2:50,2018-10-06 3:00,이동,야외,서울시/서대문구/연희동,실외,혼자,/,/,/,아니오,보통,높음,낮음,보통
2018-10-06 3:00,2018-10-06 3:10,세면,집,서울시/서대문구/연희동,실내,혼자,/,/,/,아니오,보통,높음,낮음,보통
2018-10-06 3:10,2018-10-06 10:30,수면,집,서울시/서대문구/연희동,실내,혼자,/,/,/,아니오,보통,높음,낮음,보통
2018-10-06 10:30,2018-10-06 10:40,식사,집,서울시/서대문구/연희동,실내,친밀한 사람|정의훈,닭가슴살,적음,아침,예,보통,낮음,낮음,보통
2018-10-06 10:40,2018-10-06 10:50,이동,야외,서울시/서대문구/연희동,실외,친밀한 사람|정의훈,/,/,/,아니오,보통,낮음,보통,보통
2018-10-06 10:50,2018-10-06 12:50,운동,헬스장|스타칼리 피트니스,서울시/서대문구/신촌동,실내,친밀한 사람|정의훈,/,/,/,예,보통,높음,보통,높음
2018-10-06 12:50,2018-10-06 13:05,샤워,헬스장|스타칼리 피트니스,서울시/서대문구/신촌동,실내,친밀한 사람|정의훈,/,/,/,예,보통,높음,보통,높음
2018-10-06 13:05,2018-10-06 13:10,흡연,야외,서울시/서대문구/신촌동,실외,친밀한 사람|정의훈,/,/,/,예,보통,높음,보통,보통
2018-10-06 13:10,2018-10-06 13:17,이동,야외,서울시/서대문구/연희동,실외,친밀한 사람|정의훈,/,/,/,예,보통,높음,보통,보통
2018-10-06 13:17,2018-10-06 13:22,쇼핑,상점|GS25,서울시/서대문구/연희동,실내,친밀한 사람|정의훈,/,/,/,예,보통,높음,보통,보통
2018-10-06 13:22,2018-10-06 13:32,이동,야외,서울시/서대문구/신촌동,실내,혼자,/,/,/,예,보통,높음,보통,보통
2018-10-06 13:32,2018-10-06 14:00,식사,학교|공A321,서울시/서대문구/신촌동,실내,혼자,닭가슴살,적음,점심,예,보통,보통,보통,보통
2018-10-06 14:00,2018-10-06 14:40,휴식,학교|공A322,서울시/서대문구/신촌동,실내,혼자,/,/,/,아니오,보통,보통,보통,보통
2018-10-06 14:40,2018-10-06 15:40,공부,학교|공A322,서울시/서대문구/신촌동,실내,혼자,/,/,/,아니오,보통,보통,보통,보통
2018-10-06 15:40,2018-10-06 15:50,흡연,야외,서울시/서대문구/신촌동,실외,혼자,/,/,/,아니오,보통,보통,보통,보통
2018-10-06 15:50,2018-10-06 18:40,공부,학교|공A322,서울시/서대문구/신촌동,실내,혼자,/,/,/,아니오,보통,보통,보통,보통
2018-10-06 18:40,2018-10-06 18:53,이동,야외,서울시/서대문구/연희동,실외,혼자,/,/,/,예,보통,높음,보통,보통
2018-10-06 18:53,2018-10-06 18:57,흡연,야외,서울시/서대문구/연희동,실외,혼자,/,/,/,예,보통,높음,보통,보통
2018-10-06 18:57,2018-10-06 19:19,식사,집,서울시/서대문구/연희동,실내,친밀한 사람|정의훈,닭가슴살,적음,저녁,예,보통,높음,보통,보통
2018-10-06 19:19,2018-10-06 20:00,휴식,집,서울시/서대문구/연희동,실내,혼자,/,/,/,아니오,보통,보통,보통,보통
2018-10-06 20:00,2018-10-06 20:50,공부,집,서울시/서대문구/연희동,실내,혼자,/,/,/,아니오,보통,보통,보통,보통
2018-10-06 20:50,2018-10-06 21:00,흡연,야외,서울시/서대문구/연희동,실내,혼자,/,/,/,아니오,보통,보통,낮음,보통
2018-10-06 21:00,2018-10-06 21:50,공부,집,서울시/서대문구/연희동,실내,혼자,/,/,/,아니오,보통,보통,낮음,보통
2018-10-06 21:50,2018-10-06 22:13,이동,야외,서울시/서대문구/신촌동,실외,혼자,/,/,/,아니오,보통,보통,낮음,보통
2018-10-06 22:13,2018-10-06 22:16,흡연,상점|V피시,서울시/서대문구/신촌동,실내,혼자,/,/,/,아니오,보통,보통,낮음,보통
2018-10-06 22:16,2018-10-06 22:56,게임,상점|V피시,서울시/서대문구/신촌동,실내,"친밀한 사람|박훈서, 김동권",/,/,/,아니오,긍정,보통,낮음,보통
2018-10-06 22:56,2018-10-06 22:59,흡연,상점|V피시,서울시/서대문구/신촌동,실내,혼자,/,/,/,아니오,보통,보통,낮음,보통
2018-10-06 22:59,2018-10-06 23:33,게임,상점|V피시,서울시/서대문구/신촌동,실내,"친밀한 사람|박훈서, 김동권",/,/,/,아니오,보통,보통,낮음,보통
2018-10-06 23:33,2018-10-06 23:35,이동,야외,서울시/서대문구/신촌동,실외,혼자,/,/,/,아니오,보통,보통,낮음,보통
2018-10-06 23:35,2018-10-06 23:36,쇼핑,상점|GS25,서울시/서대문구/신촌동,실내,혼자,/,/,/,아니오,보통,높음,낮음,보통
2018-10-06 23:36,2018-10-06 23:38,이동,야외,서울시/서대문구/신촌동,실외,혼자,/,/,/,아니오,보통,높음,낮음,보통
2018-10-06 23:38,2018-10-07 0:04,게임,상점|V피시,서울시/서대문구/신촌동,실내,"친밀한 사람|박훈서, 김동권",/,/,/,아니오,부정,높음,낮음,보통
