start_time,end_time,activity,place,address,location,person,food,amount_of_food,meal_type,hunger,emotion,tiredness,temperature,humidity
2018-10-03 0:00,2018-10-03 0:18,게임,상점|V피시,서울시/서대문구/신촌동,실내,친밀한 사람|김동권,/,/,/,아니오,긍정,보통,낮음,보통
2018-10-03 0:18,2018-10-03 0:23,흡연,상점|V피시,서울시/서대문구/신촌동,실내,혼자,/,/,/,아니오,긍정,높음,낮음,보통
2018-10-03 0:23,2018-10-03 0:58,게임,상점|V피시,서울시/서대문구/신촌동,실내,친밀한 사람|김동권,/,/,/,아니오,부정,높음,낮음,보통
2018-10-03 0:58,2018-10-03 1:03,흡연,상점|V피시,서울시/서대문구/신촌동,실내,혼자,/,/,/,아니오,보통,높음,낮음,보통
2018-10-03 1:03,2018-10-03 1:53,게임,상점|V피시,서울시/서대문구/신촌동,실내,친밀한 사람|김동권,/,/,/,아니오,긍정,높음,낮음,보통
2018-10-03 1:53,2018-10-03 1:57,흡연,상점|V피시,서울시/서대문구/신촌동,실내,혼자,/,/,/,아니오,긍정,높음,낮음,보통
2018-10-03 1:57,2018-10-03 2:43,게임,상점|V피시,서울시/서대문구/신촌동,실내,친밀한 사람|김동권,/,/,/,아니오,긍정,높음,낮음,보통
2018-10-03 2:43,2018-10-03 2:50,흡연,상점|V피시,서울시/서대문구/신촌동,실내,혼자,/,/,/,아니오,긍정,높음,낮음,보통
2018-10-03 2:50,2018-10-03 3:00,이동,야외,서울시/서대문구/연희동,실외,혼자,/,/,/,아니오,보통,높음,낮음,보통
2018-10-03 3:00,2018-10-03 3:10,세면,집,서울시/서대문구/연희동,실내,혼자,/,/,/,아니오,보통,높음,낮음,보통
2018-10-03 3:10,2018-10-03 10:30,수면,집,서울시/서대문구/연희동,실내,혼자,/,/,/,아니오,보통,높음,낮음,보통
2018-10-03 10:30,2018-10-03 10:40,식사,집,서울시/서대문구/연희동,실내,친밀한 사람|정의훈,닭가슴살,적음,아침,예,보통,낮음,낮음,보통
2018-10-03 10:40,2018-10-03 10:50,이동,야외,서울시/서대문구/연희동,실외,친밀한 사람|정의훈,/,/,/,아니오,보통,낮음,보통,보통
2018-10-03 10:50,2018-10-03 12:50,운동,헬스장|스타칼리 피트니스,서울시/서대문구/신촌동,실내,친밀한 사람|정의훈,/,/,/,예,보통,높음,보통,높음
2018-10-03 12:50,2018-10-03 13:05,샤워,헬스장|스타칼리 피트니스,서울시/서대문구/신촌동,실내,친밀한 사람|정의훈,/,/,/,예,보통,높음,보통,높음
2018-10-03 13:05,2018-10-03 13:10,흡연,야외,서울시/서대문구/신촌동,실외,친밀한 사람|정의훈,/,/,/,예,보통,높음,보통,보통
2018-10-03 13:10,2018-10-03 13:17,이동,야외,서울시/서대문구/연희동,실외,친밀한 사람|정의훈,/,/,/,예,보통,높음,보통,보통
2018-10-03 13:17,2018-10-03 13:22,쇼핑,상점|GS25,서울시/서대문구/연희동,실내,친밀한 사람|정의훈,/,/,/,예,보통,높음,보통,보통
2018-10-03 13:22,2018-10-03 13:32,이동,야외,서울시/서대문구/신촌동,실내,친밀한 사람|정의훈,/,/,/,예,보통,높음,보통,보통
2018-10-03 13:32,2018-10-03 13:42,흡연,야외,서울시/서대문구/신촌동,실외,친밀한 사람|정의훈,/,/,/,예,보통,높음,보통,보통
2018-10-03 13:42,2018-10-03 14:00,식사,학교|공A321,서울시/서대문구/신촌동,실내,친밀한 사람|정의훈,닭가슴살,적음,점심,예,보통,보통,보통,보통
2018-10-03 14:00,2018-10-03 14:40,휴식,학교|공A322,서울시/서대문구/신촌동,실내,친밀한 사람|정의훈,/,/,/,아니오,보통,보통,보통,보통
2018-10-03 14:40,2018-10-03 15:40,공부,학교|공A322,서울시/서대문구/신촌동,실내,친밀한 사람|정의훈,/,/,/,아니오,보통,보통,보통,보통
2018-10-03 15:40,2018-10-03 15:50,흡연,야외,서울시/서대문구/신촌동,실외,친밀한 사람|정의훈,/,/,/,아니오,보통,보통,보통,보통
2018-10-03 15:50,2018-10-03 15:40,공부,학교|공A322,서울시/서대문구/신촌동,실내,친밀한 사람|정의훈,/,/,/,아니오,보통,보통,보통,보통
2018-10-03 16:40,2018-10-03 16:50,흡연,야외,서울시/서대문구/신촌동,실외,친밀한 사람|정의훈,/,/,/,아니오,보통,보통,보통,보통
2018-10-03 16:50,2018-10-03 17:40,공부,학교|공A322,서울시/서대문구/신촌동,실내,친밀한 사람|정의훈,/,/,/,아니오,보통,보통,보통,보통
2018-10-03 17:40,2018-10-03 17:50,흡연,야외,서울시/서대문구/신촌동,실외,친밀한 사람|정의훈,/,/,/,아니오,보통,보통,보통,보통
2018-10-03 17:50,2018-10-03 18:40,공부,학교|공A322,서울시/서대문구/신촌동,실내,친밀한 사람|정의훈,/,/,/,예,보통,높음,보통,보통
2018-10-03 18:40,2018-10-03 18:53,이동,야외,서울시/서대문구/연희동,실외,친밀한 사람|정의훈,/,/,/,예,보통,높음,보통,보통
2018-10-03 18:53,2018-10-03 18:57,흡연,야외,서울시/서대문구/연희동,실외,친밀한 사람|정의훈,/,/,/,예,보통,높음,보통,보통
2018-10-03 18:57,2018-10-03 19:19,식사,집,서울시/서대문구/연희동,실내,친밀한 사람|정의훈,닭가슴살,적음,저녁,예,보통,높음,보통,보통
2018-10-03 19:19,2018-10-03 20:00,휴식,집,서울시/서대문구/연희동,실내,혼자,/,/,/,아니오,보통,보통,보통,보통
2018-10-03 20:00,2018-10-03 20:50,공부,집,서울시/서대문구/연희동,실내,혼자,/,/,/,아니오,보통,보통,보통,보통
2018-10-03 20:50,2018-10-03 21:00,흡연,야외,서울시/서대문구/연희동,실내,야외,/,/,/,아니오,보통,보통,낮음,보통
2018-10-03 21:00,2018-10-03 21:50,공부,집,서울시/서대문구/연희동,실내,혼자,/,/,/,아니오,보통,보통,낮음,보통
2018-10-03 21:50,2018-10-03 22:13,이동,야외,서울시/서대문구/신촌동,실외,혼자,/,/,/,아니오,보통,보통,낮음,보통
2018-10-03 22:13,2018-10-03 22:16,흡연,상점|V피시,서울시/서대문구/신촌동,실내,혼자,/,/,/,아니오,보통,보통,낮음,보통
2018-10-03 22:16,2018-10-03 22:56,게임,상점|V피시,서울시/서대문구/신촌동,실내,"친밀한 사람|박훈서, 김동권",/,/,/,아니오,긍정,보통,낮음,보통
2018-10-03 22:56,2018-10-03 22:59,흡연,상점|V피시,서울시/서대문구/신촌동,실내,혼자,/,/,/,아니오,보통,보통,낮음,보통
2018-10-03 22:59,2018-10-03 23:33,게임,상점|V피시,서울시/서대문구/신촌동,실내,"친밀한 사람|박훈서, 김동권",/,/,/,아니오,보통,보통,낮음,보통
2018-10-03 23:33,2018-10-03 23:35,이동,야외,서울시/서대문구/신촌동,실외,혼자,/,/,/,아니오,보통,보통,낮음,보통
2018-10-03 23:35,2018-10-03 23:36,쇼핑,상점|GS25,서울시/서대문구/신촌동,실내,혼자,/,/,/,아니오,보통,높음,낮음,보통
2018-10-03 23:36,2018-10-03 23:38,이동,야외,서울시/서대문구/신촌동,실외,혼자,/,/,/,아니오,보통,높음,낮음,보통
2018-10-03 23:38,2018-10-03 23:59,게임,상점|V피시,서울시/서대문구/신촌동,실내,"친밀한 사람|박훈서, 김동권",/,/,/,아니오,부정,높음,낮음,보통
