﻿start_time,end_time,activity,place,address,location,person,food,amount_of_food,meal_type,hunger,emotion,tiredness,temperature,humidity
2018-05-07 0:00,2018-05-07 5:00,수면,집,서울시 성동구 성수동,실내,혼자,/,/,/,아니오,보통,매우 높음,보통,보통
2018-05-07 5:00,2018-05-07 6:00,능동적 여가|골프,기타|골프연습장,서울시 성동구 성수동,실내,혼자,/,/,/,아니오,매우 긍정,매우 낮음,보통,보통
2018-05-07 6:00,2018-05-07 6:15,기타|샤워,집|화장실,서울시 성동구 성수동,실내,혼자,/,/,/,예,매우 긍정,매우 낮음,보통,보통
2018-05-07 6:15,2018-05-07 6:20,수동적 여가|음악감상,집|화장실,서울시 성동구 성수동,실내,혼자,/,/,/,예,매우 긍정,매우 낮음,보통,보통
2018-05-07 6:20,2018-05-07 6:50,기타|화장,집,서울시 성동구 성수동,실내,혼자,/,/,/,예,매우 긍정,매우 낮으,보통,보통
2018-05-07 6:50,2018-05-07 7:00,능동적 여가|독서,집,서울시 성동구 성수동,실내,혼자,/,/,/,예,매우 긍정,매우 낮음,보통,보통
2018-05-07 7:00,2018-05-07 7:20,식사,집,서울시 성동구 성수동,실내,친밀한 관계|아들,한식|된장찌개,적음,아침,예,매우 긍정,매우 낮음,보통,보통
2018-05-07 7:20,2018-05-07 7:30,수동적 여가|뉴스시청,집,서울시 성동구 성수동,실내,친밀한 관계|아들,한식|된장찌개,적음,아침,예,매우 긍정,매우 낮음,보통,보통
2018-05-07 7:30,2018-05-07 7:35,기타|용변,집|화장실,서울시 성동구 성수동,실내,혼자,/,/,/,아니오,매우 긍정,매우 낮음,보통,보통
2018-05-07 7:35,2018-05-07 7:40,기타|인스타그램,집|화장실,서울시 성동구 성수동,실내,혼자,/,/,/,아니오,매우 긍정,매우 낮음,보통,보통
2018-05-07 7:40,2018-05-07 8:10,이동,기타|자가용,서울시 성동구 성수동,실외,친밀한 관계|아들,기타|사과,적음,간식,아니오,매우 긍정,낮음,보통,보통
2018-05-07 8:10,2018-05-07 8:20,기타|통화,기타|자가용,서울시 성동구 성수동,실외,친밀한 관계|엄마,/,/,/,아니오,매우 긍정,낮음,보통,보통
2018-05-07 8:20,2018-05-07 8:40,이동,기타|자가용,서울시 성동구 성수동,실외,혼자,/,/,/,아니오,매우 긍정,낮음,보통,보통
2018-05-07 8:40,2018-05-07 9:00,업무,사무실|개인,경기도 성남시 분당구,실내,혼자,/,/,/,아니오,매우 긍정,낮음,낮음,낮음
2018-05-07 9:00,2018-05-07 9:10,기타|통화,사무실|개인,경기도 성남시 분당구,실내,데면한 관계|고객들,/,/,/,아니오,긍정,낮음,낮음,낮음
2018-05-07 9:10,2018-05-07 9:15,업무,사무실|개인,경기도 성남시 분당구,실내,혼자,/,/,/,아니오,긍정,낮음,낮음,낮음
2018-05-07 9:15,2018-05-07 9:20,기타|버릇,사무실|개인,경기도 성남시 분당구,실내,혼자,/,/,/,아니오,긍정,낮음,낮음,낮음
2018-05-07 9:20,2018-05-07 9:50,업무,사무실|회의실,경기도 성남시 분당구,실내,친밀한 관계|직원들,/,/,/,아니오,긍정,낮음,낮음,낮음
2018-05-07 9:50,2018-05-07 10:20,사교,사무실|접견실,경기도 성남시 분당구,실내,데면한 관계|고객들,기타|포도주스,적음,간식,아니오,긍정,낮음,낮음,낮음
2018-05-07 10:20,2018-05-07 10:50,업무,사무실|회의실,경기도 성남시 분당구,실내,데면한 관계|고객들,/,/,/,아니오,긍정,낮음,낮음,낮음
2018-05-07 10:50,2018-05-07 11:20,업무,사무실|회의실,경기도 성남시 분당구,실내,데면한 관계|고객들,/,/,/,예,긍정,높음,낮음,낮음
2018-05-07 11:20,2018-05-07 11:30,이동,기타|자가용,경기도 성남시 분당구,실외,혼자,/,/,/,예,긍정,높음,보통,보통
2018-05-07 11:30,2018-05-07 12:10,식사,식당|한식당,경기도 성남시 분당구,실내,데면한 관계|고객들,한식|감자탕,많음,점심,예,긍정,높음,보통,보통
2018-05-07 12:10,2018-05-07 12:40,사교,카페|스타벅스,경기도 성남시 분당구,실내,데면한 관계|고객들,기타|커피,적음,간식,아니오,긍정,높음,보통,보통
2018-05-07 12:40,2018-05-07 13:10,사교,공원,경기도 성남시 분당구,실외,데면한 관계|고객들,/,/,/,아니오,긍정,높음,높음,높음
2018-05-07 13:10,2018-05-07 13:30,이동,기타|자가용,경기도 성남시 분당구,실외,혼자,/,/,/,아니오,긍정,매우 높음,보통,보통
2018-05-07 13:30,2018-05-07 13:35,기타|용변,사무실|화장실,경기도 성남시 분당구,실내,혼자,/,/,/,아니오,보통,매우 높음,낮음,낮음
2018-05-07 13:35,2018-05-07 13:40,기타|인스타그램,사무실|화장실,경기도 성남시 분당구,실내,혼자,/,/,/,아니오,보통,매우 높음,낮음,낮음
2018-05-07 13:40,2018-05-07 14:10,수면,사무실|개인,경기도 성남시 분당구,실내,혼자,/,/,/,아니오,보통,매우 높음,낮음,낮음
2018-05-07 14:10,2018-05-07 14:20,수동적 여가|음악감상,사무실|개인,경기도 성남시 분당구,실내,혼자,/,/,/,아니오,보통,높음,낮음,낮음
2018-05-07 14:20,2018-05-07 14:30,업무,사무실|개인,경기도 성남시 분당구,실내,혼자,/,/,/,아니오,보통,낮음,낮음,낮음
2018-05-07 14:30,2018-05-07 15:10,업무,사무실|회의실,경기도 성남시 분당구,실내,친밀한 관계|직원들,/,/,/,아니오,긍정,낮음,낮음,낮음
2018-05-07 15:10,2018-05-07 15:35,업무,사무실|개인,경기도 성남시 분당구,실내,혼자,/,/,/,아니오,보통,낮음,낮음,낮음
2018-05-07 15:35,2018-05-07 15:40,기타|버릇,사무실|개인,경기도 성남시 분당구,실내,혼자,/,/,/,아니오,보통,낮음,낮음,낮음
2018-05-07 15:40,2018-05-07 16:20,업무,사무실|회의실,경기도 성남시 분당구,실내,데면한 관계|고객들,/,/,/,아니오,보통,낮음,낮음,낮음
2018-05-07 16:20,2018-05-07 16:50,사교,사무실|접견실,경기도 성남시 분당구,실내,데면한 관계|고객들,기타|오렌지주스,적음,간식,아니오,긍정,높음,낮음,낮음
2018-05-07 16:50,2018-05-07 17:00,업무,사무실|개인,경기도 성남시 분당구,실내,혼자,/,/,/,아니오,긍정,높음,낮음,낮음
2018-05-07 17:00,2018-05-07 17:30,업무,사무실|개인,경기도 성남시 분당구,실내,혼자,/,/,/,아니오,보통,매우 높음,낮음,낮음
2018-05-07 17:30,2018-05-07 17:55,이동,기타|자가용,경기도 성남시 분당구,실외,혼자,/,/,/,예,보통,매우 높음,보통,보통
2018-05-07 17:55,2018-05-07 18:00,수동적 여가|음악감상,기타|자가용,경기도 성남시 분당구,실외,혼자,/,/,/,예,보통,매우 높음,보통,보통
2018-05-07 18:00,2018-05-07 18:10,수동적 여가|음악감상,집,서울시 성동구 성수동,실내,혼자,/,/,/,예,보통,매우 높음,보통,보통
2018-05-07 18:10,2018-05-07 18:30,기타|인스타그램,집,서울시 성동구 성수동,실내,혼자,/,/,/,예,보통,매우 높음,보통,보통
2018-05-07 18:30,2018-05-07 19:00,식사,집,서울시 성동구 성수동,실내,혼자,한식|고등어구이,적음,저녁,예,보통,매우 높음,보통,보통
2018-05-07 19:00,2018-05-07 20:00,능동적 여가|골프,기타|골프연습장,서울시 성동구 성수동,실내,혼자,/,/,/,아니오,긍정,매우 높음,보통,보통
2018-05-07 20:00,2018-05-07 20:15,기타|샤워,집|화장실,서울시 성동구 성수동,실내,혼자,/,/,/,아니오,긍정,매우 높음,보통,보통
2018-05-07 20:15,2018-05-07 20:20,수동적 여가|음악감상,집,서울시 성동구 성수동,실내,혼자,/,/,/,아니오,긍정,매우 높음,보통,보통
2018-05-07 20:20,2018-05-07 21:00,사교,집,서울시 성동구 성수동,실내,친밀한 관계|아들,/,/,/,아니오,긍정,매우 높음,보통,보통
2018-05-07 21:00,2018-05-07 22:00,능동적 여가|독서,집,서울시 성동구 성수동,실내,혼자,/,/,/,아니오,보통,매우 높음,보통,보통
2018-05-07 22:00,2018-05-07 23:59,수면,집,서울시 성동구 성수동,실내,혼자,/,/,/,아니오,보통,매우 높음,보통,보통