start_time,end_time,activity,place,address,location,person,food,amount_of_food,meal_type,hunger,emotion,tiredness,temperature,humidity
2018-09-05 0:00,2018-09-05 3:00,공부,집,서울시 서대문구 연희동,실내,"친밀한 사람|화은, 주아",/,/,/,아니오,긍정,보통,보통,보통
2018-09-05 3:00,2018-09-05 3:30,수동적 여가|노래 듣기,집,서울시 서대문구 연희동,실내,혼자,/,/,/,아니오,긍정,보통,보통,보통
2018-09-05 3:30,2018-09-05 3:40,이동,야외,서울시 서대문구 연희동,실외,혼자,/,/,/,아니오,보통,보통,보통,높음
2018-09-05 3:40,2018-09-05 4:30,능동적 여가|운동,야외,서울시 서대문구 연희동,실외,혼자,/,/,/,아니오,부정,보통,높음,매우 높음
2018-09-05 4:30,2018-09-05 4:40,이동,야외,서울시 서대문구 연희동,실외,혼자,/,/,/,아니오,부정,높음,높음,매우 높음
2018-09-05 4:40,2018-09-05 5:00,기타|샤워,집,서울시 서대문구 연희동,실내,혼자,/,/,/,아니오,보통,높음,보통,높음
2018-09-05 5:00,2018-09-05 5:10,수동적 여가|유튜브 시청,집,서울시 서대문구 연희동,실내,혼자,/,/,/,예,보통,보통,보통,보통
2018-09-05 5:10,2018-09-05 5:20,식사,집,서울시 서대문구 연희동,실내,혼자,기타|라면,매우 많음 ,야식,예,보통,보통,보통,보통
2018-09-05 5:20,2018-09-05 5:30,기타|양치,집,서울시 서대문구 연희동,실내,혼자,/,/,/,아니오,매우 부정,높음,보통,보통
2018-09-05 5:30,2018-09-05 6:00,수동적 여가|웹서핑,집,서울시 서대문구 연희동,실내,혼자,/,/,/,아니오,부정,높음,보통,보통
2018-09-05 6:00,2018-09-05 6:10,청소,집,서울시 서대문구 연희동,실내,혼자,/,/,/,아니오,보통,높음,보통,보통
2018-09-05 6:10,2018-09-05 6:20,수동적 여가|유튜브 시청,집,서울시 서대문구 연희동,실내,혼자,/,/,/,아니오,보통,높음,보통,보통
2018-09-05 6:20,2018-09-05 6:25,기타|알람 맞추기,집,서울시 서대문구 연희동,실내,혼자,/,/,/,아니오,부정,높음,보통,보통
2018-09-05 6:25,2018-09-05 13:00,수면,집,서울시 서대문구 연희동,실내,혼자,/,/,/,아니오,보통,보통,보통,보통
2018-09-05 13:00,2018-09-05 13:10,기상,집 ,서울시 서대문구 연희동,실내,혼자,/,/,/,아니오,부정,매우 높음,보통,보통
2018-09-05 13:10,2018-09-05 13:30,기타|샤워,집,서울시 서대문구 연희동,실내,혼자,/,/,/,아니오,보통,매우 높음,보통,보통
2018-09-05 13:30,2018-09-05 14:00,기타|화장,집,서울시 서대문구 연희동,실내,혼자,/,/,/,아니오,부정,높음,보통,보통
2018-09-05 14:00,2018-09-05 14:20,수동적 여가|노래 듣기,집,서울시 서대문구 연희동,실내,혼자,/,/,/,아니오,보통 ,보통,보통,보통
2018-09-05 14:20,2018-09-05 14:40,이동,야외,서울시 서대문구 신촌동,실외,혼자,/,/,/,아니오,보통,보통,보통,보통
2018-09-05 14:40,2018-09-05 14:50,식사|커피,카페,서울시 서대문구 신촌동,실내,친밀한 관계|지수,기타|커피,적음,간식,아니오,긍정,보통,보통,보통
2018-09-05 14:50,2018-09-05 15:00,이동,야외,서울시 서대문구 신촌동,실외,혼자,/,/,/,아니오,긍정,보통,보통,보통
2018-09-05 15:00,2018-09-05 16:50,공부|수강,학교|공D504,서울시 서대문구 신촌동,실내,혼자,/,/,/,아니오,보통,보통,보통,보통
2018-09-05 16:50,2018-09-05 17:00,이동,야외,서울시 서대문구 신촌동,실외,혼자,/,/,/,아니오,보통,낮음,보통,높음
2018-09-05 17:00,2018-09-05 18:50,공부|수강,학교|백S504,서울시 서대문구 신촌동,실내,혼자,/,/,/,예,보통,낮음,보통,보통
2018-09-05 18:50,2018-09-05 19:10,이동,야외,서울시 서대문구 신촌동,실외,친밀한 관계|유리,/,/,/,예,긍정,낮음,보통,높음
2018-09-05 19:10,2018-09-05 21:00,봉사,기타|센터,서울시 서대문구 신촌동,실내,친밀한 관계|유리,/,/,/,예,긍정,보통,보통,보통
2018-09-05 21:00,2018-09-05 21:10,이동,야외,서울시 서대문구 신촌동,실외,"친밀한 관계|유리, 형석",/,/,/,예,긍정,보통,보통,높음
2018-09-05 21:10,2018-09-05 22:00,사교,카페,서울시 서대문구 신촌동,실내,"친밀한 관계|유리, 형석",기타|스무디,적음,간식,예,매우 긍정,낮음,보통,보통
2018-09-05 22:00,2018-09-05 22:10,이동,야외,서울시 서대문구 신촌동,실외,혼자,/,/,/,예,긍정,보통,보통,높음
2018-09-05 22:10,2018-09-05 22:30,식사,식당|마포분식,서울시 서대문구 신촌동,실내,혼자,"기타|떡볶이, 만두, 라면",매우 많음 ,저녁,아니오,보통,보통,보통,보통
2018-09-05 22:30,2018-09-05 22:50,이동,대중교통|버스,서울시 서대문구 신촌동,실외,혼자,/,/,/,아니오,매우 부정,보통,보통,보통
2018-09-05 22:50,2018-09-05 23:20,기타|샤워,집,서울시 서대문구 연희동,실내,혼자,/,/,/,아니오,부정,보통,보통,보통
2018-09-05 23:20,2018-09-05 23:40,수동적 여가|SNS,집,서울시 서대문구 연희동,실내,친밀한 관계|서윤,/,/,/,아니오,긍정,보통,보통,보통
2018-09-05 23:40,2018-09-05 23:59,수동적 여가|유튜브 시청,집,서울시 서대문구 신촌동,실내,혼자,/,/,/,아니오,보통,보통,보통,보통
