start_time,end_time,activity,place,address,location,person,food,amount_of_food,meal_type,hunger,emotion,tiredness,temperature,humidity
2018-09-13 0:00,2018-09-13 2:00,사교,식당|술집,서울시 서대문구 신촌동,실내,"친밀한 관계|수연, 지혜, 유창, 서희, 철수",일식|모듬튀김,많음,야식,아니오,매우 긍정,보통,보통,보통
2018-09-13 2:00,2018-09-13 2:10,이동,야외,서울시 서대문구 신촌동,실외,"친밀한 관계|수연, 지혜, 유창, 서희, 철수",/,/,/,아니오,긍정,보통,보통,높음
2018-09-13 2:10,2018-09-13 3:30,사교,기타|노래방,서울시 서대문구 신촌동,실내,"친밀한 관계|수연, 지혜, 유창, 서희, 철수",/,/,/,아니오,매우 긍정,높음,보통,높음
2018-09-13 3:30,2018-09-13 4:00,이동,야외,서울시 서대문구 신촌동,실외,혼자,/,/,/,아니오,긍정,높음,보통,높음
2018-09-13 4:00,2018-09-13 4:20,기타|샤워,집,서울시 서대문구 연희동,실내,혼자,/,/,/,아니오,보통,보통,보통,높음
2018-09-13 4:20,2018-09-13 6:00,공부,집,서울시 서대문구 연희동,실내,혼자,/,/,/,아니오,보통,높음,보통,보통
2018-09-13 6:00,2018-09-13 6:10,기타|팩,집,서울시 서대문구 연희동,실내,혼자,/,/,/,아니오,보통,높음,보통,보통
2018-09-13 6:10,2018-09-13 6:20,청소,집,서울시 서대문구 연희동,실내,혼자,/,/,/,아니오,보통,높음,보통,보통
2018-09-13 6:20,2018-09-13 6:30,수동적 여가|유튜브 시청,집,서울시 서대문구 연희동,실내,혼자,/,/,/,예,보통,높음,보통,보통
2018-09-13 6:30,2018-09-13 6:35,기타|알람 맞추기,집,서울시 서대문구 연희동,실내,혼자,/,/,/,예,보통,높음,보통,보통
2018-09-13 6:35,2018-09-13 12:30,수면,집,서울시 서대문구 연희동,실내,혼자,/,/,/,아니오,보통,보통,보통,보통
2018-09-13 12:30,2018-09-13 12:40,기상,집,서울시 서대문구 연희동,실내,혼자,/,/,/,아니오,매우 부정,매우 높음,보통,보통
2018-09-13 12:40,2018-09-13 13:00,수동적 여가|노래 듣기,집,서울시 서대문구 연희동,실내,혼자,/,/,/,아니오,부정,매우 높음,보통,보통
2018-09-13 13:00,2018-09-13 13:20,기타|샤워,집,서울시 서대문구 연희동,실내,혼자,/,/,/,아니오,부정,높음,보통,보통
2018-09-13 13:20,2018-09-13 13:30,기타|화장,집,서울시 서대문구 연희동,실내,혼자,/,/,/,아니오,매우 부정,높음,보통,보통
2018-09-13 13:30,2018-09-13 13:40,이동,야외,서울시 서대문구 신촌동,실외,혼자,/,/,/,아니오,부정,높음,보통,보통
2018-09-13 13:40,2018-09-13 13:50,식사,카페,서울시 서대문구 신촌동,실내,"친밀한 관계|수연, 지혜, 유창, 서희, 철수","기타|커피, 과자",적음,간식,아니오,긍정,높음,보통,보통
2018-09-13 13:50,2018-09-13 14:00,이동,야외,서울시 서대문구 신촌동,실외,혼자,/,/,/,아니오,부정,보통,높음,매우 높음
2018-09-13 14:00,2018-09-13 14:50,공부|수강,학교|D502,서울시 서대문구 신촌동,실내,데면한 관계|우철,/,/,/,아니오,보통,높음,보통,보통
2018-09-13 14:50,2018-09-13 15:00,이동,야외,서울시 서대문구 신촌동,실외,데면한 관계|우철,/,/,/,아니오,보통,보통,높음,높음
2018-09-13 15:00,2018-09-13 16:50,공부|수강,학교|과102,서울시 서대문구 신촌동,실내,데면한 관계|미래,/,/,/,아니오,보통,보통,보통,보통
2018-09-13 16:50,2018-09-13 17:00,이동,야외,서울시 서대문구 신촌동,실외,친밀한 관계|채연,/,/,/,아니오,긍정,보통,높음,높음
2018-09-13 17:00,2018-09-13 18:30,기타|설명회,학교|백양누리,서울시 서대문구 신촌동,실내,친밀한 관계|채연,/,/,/,예,긍정,낮음,보통,높음
2018-09-13 18:30,2018-09-13 18:50,이동,야외,서울시 서대문구 신촌동,실외,혼자,/,/,/,예,보통,낮음,보통,보통
2018-09-13 18:50,2018-09-13 19:10,식사,식당|신전떡볶이,서울시 서대문구 신촌동,실내,혼자,"기타|떡볶이, 튀김, 컵밥",매우 많음,저녁,예,긍정,낮음,보통,보통
2018-09-13 19:10,2018-09-13 19:20,기타|양치,식당|신전떡볶이,서울시 서대문구 신촌동,실내,혼자,/,/,/,아니오,매우 부정,낮음,보통,보통
2018-09-13 19:20,2018-09-13 19:30,이동,야외,서울시 서대문구 신촌동,실외,혼자,/,/,/,아니오,매우 부정,낮음,보통,높음
2018-09-13 19:30,2018-09-13 21:30,기타|과외,카페|스타벅스,서울시 서대문구 신촌동,실내,친밀한 관계|현우,기타|커피,적음,간식,아니오,보통,낮음,보통,보통
2018-09-13 21:30,2018-09-13 21:50,이동,야외,서울시 서대문구 신촌동,실외,혼자,/,/,/,아니오,보통,높음,보통,보통
2018-09-13 21:50,2018-09-13 22:00,사교,기타|영화관,서울시 서대문구 신촌동,실내,"친밀한 관계|영미, 시아, 효정, 윤아",/,/,/,아니오,매우 긍정,낮음,보통,보통
2018-09-13 22:00,2018-09-13 23:20,수동적 여가|영화 감상,기타|영화관,서울시 서대문구 신촌동,실내,"친밀한 관계|영미, 시아, 효정, 윤아",기타|팝콘,적음,간식,아니오,매우 긍정,낮음,보통,보통
2018-09-13 23:20,2018-09-13 23:30,이동,야외,서울시 서대문구 신촌동,실외,친밀한 관계|영미,/,/,/,아니오,긍정,낮음,보통,높음
2018-09-13 23:30,2018-09-13 23:59,사교,야외,서울시 서대문구 신촌동,실외,친밀한 관계|영미,/,/,/,예,긍정,낮음,보통,높음
