start_time,end_time,activity,place,address,location,person,food,amount_of_food,meal_type,hunger,emotion,tiredness,temperature,humidity
2018-09-06 0:00,2018-09-06 0:10,이동,야외,서울시 서대문구 연희동,실외,혼자,/,/,/,아니오,부정,보통,높음,높음
2018-09-06 0:10,2018-09-06 3:00,공부,카페|스터디카페,서울시 서대문구 연희동,실내,친밀한 관계|지수,/,/,/,아니오,보통,보통,보통,보통
2018-09-06 3:00,2018-09-06 4:00,능동적 여가|산책,야외,서울시 서대문구 연희동,실외,친밀한 관계|지수,/,/,/,아니오,긍정,보통,보통,높음
2018-09-06 4:00,2018-09-06 4:10,이동,야외,서울시 서대문구 연희동,실외,친밀한 관계|지수,/,/,/,예,긍정,보통,보통,높음
2018-09-06 4:10,2018-09-06 4:30,기타|샤워,집,서울시 서대문구 연희동,실내,혼자,/,/,/,아니오,보통,보통,보통,높음
2018-09-06 4:30,2018-09-06 6:20,공부|과제,집,서울시 서대문구 연희동,실내,혼자,/,/,/,예,보통,높음,보통,보통
2018-09-06 6:20,2018-09-06 6:30,수동적 여가|유튜브 시청,집,서울시 서대문구 연희동,실내,혼자,/,/,/,예,보통,높음,보통,보통
2018-09-06 6:30,2018-09-06 6:50,식사,집,서울시 서대문구 연희동,실내,혼자,양식|피자,매우 많음,야식,아니오,보통,높음,보통,보통
2018-09-06 6:50,2018-09-06 7:00,기타|양치,집,서울시 서대문구 연희동,실내,혼자,/,/,/,아니오,부정,매우 높음,보통,보통
2018-09-06 7:00,2018-09-06 7:10,청소,집,서울시 서대문구 연희동,실내,혼자,/,/,/,아니오,부정,매우 높음,보통,보통
2018-09-06 7:10,2018-09-06 7:30,수동적 여가|유튜브 시청,집,서울시 서대문구 연희동,실내,혼자,/,/,/,아니오,부정,매우 높음,보통,보통
2018-09-06 7:30,2018-09-06 7:35,기타|알람 맞추기,집,서울시 서대문구 연희동,실내,혼자,/,/,/,아니오,부정,매우 높음,보통,보통
2018-09-06 7:35,2018-09-06 13:00,수면,집,서울시 서대문구 연희동,실내,혼자,/,/,/,아니오,보통,보통,보통,보통
2018-09-06 13:00,2018-09-06 13:10,기상,집,서울시 서대문구 연희동,실내,혼자,/,/,/,아니오,부정,매우 높음,보통,보통
2018-09-06 13:10,2018-09-06 13:30,기타|샤워,집,서울시 서대문구 연희동,실내,혼자,/,/,/,아니오,부정,매우 높음,보통,보통
2018-09-06 13:30,2018-09-06 13:40,이동,야외,서울시 서대문구 신촌동,실외,혼자,/,/,/,아니오,부정,높음,보통,보통
2018-09-06 13:40,2018-09-06 13:50,식사,학교|카페,서울시 서대문구 신촌동,실내,친밀한 관계|서희,기타|커피,적음,간식,아니오,긍정,보통,보통,보통
2018-09-06 13:50,2018-09-06 14:00,이동,야외,서울시 서대문구 신촌동,실외,혼자,/,/,/,아니오,부정,보통,높음,높음
2018-09-06 14:00,2018-09-06 14:50,공부|수강,학교|공D502,서울시 서대문구 신촌동,실내,데면한 관계|우철,/,/,/,아니오,보통,보통,보통,보통
2018-09-06 14:50,2018-09-06 15:00,이동,야외,서울시 서대문구 신촌동,실외,혼자,/,/,/,아니오,부정,보통,높음,높음
2018-09-06 15:00,2018-09-06 16:50,공부|수강,학교|과102,서울시 서대문구 신촌동,실내,데면한 관계|미래,/,/,/,아니오,보통,보통,보통,보통
2018-09-06 16:50,2018-09-06 17:20,이동,대중교통|버스,서울시 서대문구 신촌동,실외,혼자,/,/,/,예,보통,낮음,보통,보통
2018-09-06 17:20,2018-09-06 17:40,식사,식당|김밥천국,서울시 서대문구 신촌동,실내,혼자,"한식|김치볶음밥, 비빔밥",매우 많음,저녁,예,보통,낮음,보통,보통
2018-09-06 17:40,2018-09-06 17:50,기타|양치,기타|화장실,서울시 서대문구 신촌동,실내,혼자,/,/,/,아니오,매우 부정,낮음,보통,보통
2018-09-06 17:50,2018-09-06 18:00,이동,야외,서울시 서대문구 신촌동,실외,혼자,/,/,/,아니오 ,부정,낮음,보통,보통
2018-09-06 18:00,2018-09-06 20:00,기타|과외,기타|과외학생 집,서울시 서대문구 신촌동,실내,친밀한 관계|현우,/,/,/,아니오,긍정,낮음,보통,보통
2018-09-06 20:00,2018-09-06 20:30,이동,대중교통|버스,서울시 서대문구 신촌동,실외,혼자,/,/,/,예,보통,낮음,보통,보통
2018-09-06 20:30,2018-09-06 22:30,식사,식당|술집,서울시 서대문구 신촌동,실내,"친밀한 관계|영희, 철수, 미영, 주현","기타|치킨, 한식|어묵탕",많음,야식,아니오,매우 긍정,보통,보통,보통
2018-09-06 22:30,2018-09-06 22:50,이동,대중교통|버스,서울시 서대문구 신촌동,실외,혼자,/,/,/,아니오,부정,보통,보통,보통
2018-09-06 22:50,2018-09-06 23:10,기타|샤워,집,서울시 서대문구 연희동,실내,혼자,/,/,/,아니오,부정,보통,보통,보통
2018-09-06 23:10,2018-09-06 23:30,청소,집,서울시 서대문구 연희동,실내,혼자,/,/,/,아니오,보통,보통,보통,보통
2018-09-06 23:30,2018-09-06 23:50,수동적 여가|SNS,집,서울시 서대문구 연희동,실내,친밀한 관계|주현,/,/,/,아니오,보통,보통,보통,보통
2018-09-06 23:50,2018-09-06 23:59,수동적 여가|유튜브 시청,집,서울시 서대문구 연희동,실내,혼자,/,/,/,아니오,보통,보통,보통,보통
