start_time,end_time,activity,place,address,location,person,food,amount_of_food,meal_type,hunger,emotion,tiredness,temperature,humidity
2018-09-11 0:00,2018-09-11 2:00,공부|과제,집,서울시 서대문구 연희동,실내,혼자,/,/,/,아니오,부정,보통,보통,보통
2018-09-11 2:00,2018-09-11 2:30,수동적 여가|웹서핑,집,서울시 서대문구 연희동,실내,혼자,/,/,/,예,보통,보통,보통,보통
2018-09-11 2:30,2018-09-11 2:40,이동,야외,서울시 서대문구 신촌동,실외,친밀한 관계|지수,/,/,/,예,부정,보통,보통,매우 높음
2018-09-11 2:40,2018-09-11 3:30,능동적 여가|운동,야외|운동장,서울시 서대문구 신촌동,실외,친밀한 관계|지수,/,/,/,예,부정,높음,보통,매우 높음
2018-09-11 3:30,2018-09-11 3:40,이동,야외,서울시 서대문구 신촌동,실외,혼자,/,/,/,예,부정,높음,보통,매우 높음
2018-09-11 3:40,2018-09-11 4:00,기타|샤워,집,서울시 서대문구 연희동,실내,혼자,/,/,/,아니오,보통,보통,보통,높음
2018-09-11 4:00,2018-09-11 4:10,수동적 여가|유튜브 시청,집,서울시 서대문구 연희동,실내,혼자,/,/,/,예,보통,보통,보통,보통
2018-09-11 4:10,2018-09-11 4:20,식사,집,서울시 서대문구 연희동,실내,혼자,"기타|도시락, 김밥",매우 많음,야식,예,보통,보통,보통,보통
2018-09-11 4:20,2018-09-11 4:30,기타|양치,집,서울시 서대문구 연희동,실내,혼자,/,/,/,아니오,매우 부정,보통,보통,보통
2018-09-11 4:30,2018-09-11 5:00,수동적 여가|유튜브 시청,집,서울시 서대문구 연희동,실내,혼자,/,/,/,아니오,부정,보통,보통,보통
2018-09-11 5:00,2018-09-11 6:00,공부,집,서울시 서대문구 연희동,실내,혼자,/,/,/,아니오,부정,높음,보통,보통
2018-09-11 6:00,2018-09-11 6:05,기타|알람 맞추기,집,서울시 서대문구 연희동,실내,혼자,/,/,/,아니오,부정,높음,보통,보통
2018-09-11 6:05,2018-09-11 13:00,수면,집,서울시 서대문구 연희동,실내,혼자,/,/,/,아니오,보통,보통,보통,보통
2018-09-11 13:00,2018-09-11 13:10,기상,집,서울시 서대문구 연희동,실내,혼자,/,/,/,아니오,매우 부정,매우 높음,보통,보통
2018-09-11 13:10,2018-09-11 13:20,수동적 여가|SNS,집,서울시 서대문구 연희동,실내,혼자,/,/,/,아니오,매우 부정,매우 높음,보통,보통
2018-09-11 13:20,2018-09-11 13:40,기타|샤워,집,서울시 서대문구 연희동,실내,혼자,/,/,/,아니오,부정,높음,보통,보통
2018-09-11 13:40,2018-09-11 14:00,이동,야외,서울시 서대문구 신촌동,실외,혼자,/,/,/,아니오,부정,높음,매우 높음,매우 높음
2018-09-11 14:00,2018-09-11 14:50,공부|수강,학교|D502,서울시 서대문구 신촌동,실내,데면한 관계|우철,/,/,/,아니오,보통,높음,보통,높음
2018-09-11 14:50,2018-09-11 15:00,이동,야외,서울시 서대문구 신촌동,실외,혼자,/,/,/,아니오,보통,보통,보통,보통
2018-09-11 15:00,2018-09-11 16:50,공부|수강,학교|과102,서울시 서대문구 신촌동,실내,데면한 관계|미래,/,/,/,아니오,보통,보통,보통,보통
2018-09-11 16:50,2018-09-11 17:00,이동,야외,서울시 서대문구 신촌동,실외,혼자,/,/,/,예,보통,낮음,높음,보통
2018-09-11 17:00,2018-09-11 18:00,기타|조모임,학교|중앙도서관,서울시 서대문구 신촌동,실내,"데면한 관계|미연, 기석",/,/,/,예,보통,낮음,보통,보통
2018-09-11 18:00,2018-09-11 18:10,이동,야외,서울시 서대문구 신촌동,실외,"친밀한 관계|영희, 지수",/,/,/,예,긍정,낮음,보통,보통
2018-09-11 18:10,2018-09-11 20:00,능동적 여가|수영,학교|체육관,서울시 서대문구 신촌동,실내,"친밀한 관계|영희, 지수, 슬기",/,/,/,예,매우 긍정,보통,높음,보통
2018-09-11 20:00,2018-09-11 20:20,기타|샤워,학교|체육관,서울시 서대문구 신촌동,실내,"친밀한 관계|영희, 지수",/,/,/,예,긍정,보통,보통,높음
2018-09-11 20:20,2018-09-11 20:40,이동,야외,서울시 서대문구 신촌동,실외,혼자,/,/,/,예,긍정,보통,보통,보통
2018-09-11 20:40,2018-09-11 22:00,사교,기타|친구 집,서울시 서대문구 연희동,실내,친밀한 관계|유리,기타|케이크,보통,간식,예,긍정,낮음,보통,보통
2018-09-11 22:00,2018-09-11 22:10,이동,야외,서울시 서대문구 연희동,실내,혼자,/,/,/,예,보통,낮음,보통,보통
2018-09-11 22:10,2018-09-11 22:30,기타|장 보기,상점|편의점,서울시 서대문구 연희동,실내,혼자,/,/,/,예,부정,낮음,보통,보통
2018-09-11 22:30,2018-09-11 22:40,이동,야외,서울시 서대문구 연희동,실외,혼자,/,/,/,예,부정,낮음,보통,보통
2018-09-11 22:40,2018-09-11 23:00,기타|샤워,집,서울시 서대문구 연희동,실내,혼자,/,/,/,예,보통,낮음,보통,높음
2018-09-11 23:00,2018-09-11 23:10,기타|조리,집,서울시 서대문구 연희동,실내,혼자,/,/,/,예,부정,낮음,보통,보통
2018-09-11 23:10,2018-09-11 23:30,식사,집,서울시 서대문구 연희동,실내,혼자,"한식|보쌈, 기타|떡볶이, 김밥, 커피",매우 많음,저녁,예,보통,낮음,보통,보통
2018-09-11 23:30,2018-09-11 23:40,기타|양치,집,서울시 서대문구 연희동,실내,혼자,/,/,/,아니오,매우 부정,보통,보통,보통
2018-09-11 23:40,2018-09-11 23:50,청소,집,서울시 서대문구 연희동,실내,혼자,/,/,/,아니오,매우 부정,보통,보통,보통
2018-09-11 23:50,2018-09-11 23:59,수동적 여가|유튜브 시청,집,서울시 서대문구 연희동,실내,혼자,/,/,/,아니오,매우 부정,보통,보통,보통
