start_time,end_time,activity,place,address,location,person,food,amount_of_food,meal_type,hunger,emotion,tiredness,temperature,humidity
2018-09-10 0:00,2018-09-10 0:10,이동,야외,서울시 서대문구 연희동,실외,혼자,/,/,/,아니오,부정,보통,보통,높음
2018-09-10 0:10,2018-09-10 3:30,공부,카페|스터디카페,서울시 서대문구 연희동,실내,데면한 관계|수지,/,/,/,아니오,보통,보통,보통,높음
2018-09-10 3:30,2018-09-10 4:00,사교,야외,서울시 서대문구 연희동,실외,데면한 관계|수지,/,/,/,아니오,긍정,높음,보통,보통
2018-09-10 4:00,2018-09-10 4:10,이동,야외,서울시 서대문구 연희동,실외,혼자,/,/,/,예,보통,높음,보통,높음
2018-09-10 4:10,2018-09-10 4:30,기타|샤워,집,서울시 서대문구 연희동,실내,혼자,/,/,/,예,보통,높음,보통,보통
2018-09-10 4:30,2018-09-10 4:40,이동,야외,서울시 서대문구 연희동,실외,혼자,/,/,/,예,보통,보통,보통,높음
2018-09-10 4:40,2018-09-10 5:00,식사,식당|만두마을,서울시 서대문구 연희동,실내,친밀한 관계|지은,"한식|만두, 찌개",많음,야식,예,긍정,보통,보통,보통
2018-09-10 5:00,2018-09-10 5:10,이동,야외,서울시 서대문구 연희동,실외,혼자,/,/,/,아니오,매우 부정,높음,보통,높음
2018-09-10 5:10,2018-09-10 5:20,기타|양치,집,서울시 서대문구 연희동,실내,혼자,/,/,/,아니오,매우 부정,매우 높음 ,보통,보통
2018-09-10 5:20,2018-09-10 5:50,수동적 여가|유튜브 시청,집,서울시 서대문구 연희동,실내,혼자,/,/,/,아니오,부정,매우 높음,보통,보통
2018-09-10 5:50,2018-09-10 6:00,청소,집,서울시 서대문구 연희동,실내,혼자,/,/,/,아니오,보통,매우 높음,보통,보통
2018-09-10 6:00,2018-09-10 6:05,기타|알람 맞추기,집,서울시 서대문구 연희동,실내,혼자,/,/,/,아니오,부정,매우 높음,보통,보통
2018-09-10 6:05,2018-09-10 12:00,수면,집,서울시 서대문구 연희동,실내,혼자,/,/,/,아니오,보통,보통,보통,보통
2018-09-10 12:00,2018-09-10 12:10,기상,집,서울시 서대문구 연희동,실내,혼자,/,/,/,아니오,매우 부정,매우 높음,보통,보통
2018-09-10 12:10,2018-09-10 12:30,기타|샤워,집,서울시 서대문구 연희동,실내,혼자,/,/,/,아니오,부정,매우 높음,보통,보통
2018-09-10 12:30,2018-09-10 13:00,기타|화장,집,서울시 서대문구 연희동,실내,혼자,/,/,/,아니오,매우 부정,높음,보통,보통
2018-09-10 13:00,2018-09-10 13:20,이동,야외,서울시 서대문구 신촌동,실외,혼자,/,/,/,아니오,부정,보통,보통,높음
2018-09-10 13:20,2018-09-10 13:50,식사,카페,서울시 서대문구 신촌동,실내,"친밀한 관계|영미, 소연, 유리",기타|커피,적음,간식,아니오,매우 긍정,보통,보통,보통
2018-09-10 13:50,2018-09-10 14:00,이동,야외,서울시 서대문구 신촌동,실외,"친밀한 관계|영미, 소연, 유리",/,/,/,아니오,매우 긍정,보통,보통,높음
2018-09-10 14:00,2018-09-10 14:50,공부|수강,학교|D504,서울시 서대문구 신촌동,실내,혼자,/,/,/,아니오,보통,보통,보통,보통
2018-09-10 14:50,2018-09-10 15:00,이동,야외,서울시 서대문구 신촌동,실외,혼자,/,/,/,아니오,부정,낮음,높음,높음
2018-09-10 15:00,2018-09-10 16:50,공부|수강,학교|백S504,서울시 서대문구 신촌동,실내,혼자,/,/,/,아니오,보통,낮음,보통,보통
2018-09-10 16:50,2018-09-10 17:00,이동,야외,서울시 서대문구 신촌동,실외,혼자,/,/,/,예,보통,낮음,보통,높음
2018-09-10 17:00,2018-09-10 19:00,공부|스터디그룹,학교|학생회관,서울시 서대문구 신촌동,실내,"친밀한 관계|수지, 아름, 지호",/,/,/,예,매우 긍정,낮음,보통,보통
2018-09-10 19:00,2018-09-10 19:20,이동,대중교통|버스,서울시 서대문구 신촌동,실외,"친밀한 관계|수지, 아름, 지호",/,/,/,예,부정,보통,보통,매우 높음
2018-09-10 19:20,2018-09-10 21:30,사교|쇼핑,상점|백화점,서울시 마포구 공덕동,실내,"친밀한 관계|수지, 아름, 지호",/,/,/,예,매우 긍정,낮음,보통,높음
2018-09-10 21:30,2018-09-10 22:30,사교,카페,서울시 마포구 공덕동,실내,친밀한 관계|슬기,"기타|주스, 케이크",보통,간식,예,긍정,보통,보통,보통
2018-09-10 22:30,2018-09-10 22:40,이동,대중교통|지하철,서울시 마포구 공덕동,실외,혼자,/,/,/,아니오,보통,보통,보통,보통
2018-09-10 22:40,2018-09-10 22:50,이동,대중교통|버스,서울시 서대문구 신촌동,실외,혼자,/,/,/,아니오,보통,보통,보통,보통
2018-09-10 22:50,2018-09-10 23:10,기타|샤워,집,서울시 서대문구 연희동,실내,혼자,/,/,/,아니오,긍정,보통,보통,높음
2018-09-10 23:10,2018-09-10 23:20,수동적 여가|SNS,집,서울시 서대문구 연희동,실내,혼자,/,/,/,아니오,보통,보통,보통,보통
2018-09-10 23:20,2018-09-10 23:30,청소,집,서울시 서대문구 연희동,실내,혼자,/,/,/,아니오,보통,보통,보통,보통
2018-09-10 23:30,2018-09-10 23:59,공부|과제,집,서울시 서대문구 연희동,실내,혼자,/,/,/,아니오,보통,보통,보통,보통
