start_time,end_time,activity,place,address,location,person,food,amount_of_food,meal_type,hunger,emotion,tiredness,temperature,humidity
2018-09-03 0:00,2018-09-03 0:30,수동적 여가|유튜브 시청,집,서울시 서대문구 연희동,실내,혼자,/,/,/,아니오,보통,보통,보통,보통
2018-09-03 0:30,2018-09-03 0:35,이동,야외,서울시 서대문구 연희동,실외,혼자,/,/,/,아니오,보통,보통,보통,높음
2018-09-03 0:35,2018-09-03 1:10,능동적 여가|산책,야외,서울시 서대문구 연희동,실외,혼자,/,/,/,아니오,부정,높음,보통,매우 높음
2018-09-03 1:10,2018-09-03 1:15,이동,야외,서울시 서대문구 연희동,실외,혼자,/,/,/,아니오,부정,높음,보통,매우 높음
2018-09-03 1:15,2018-09-03 1:30,기타|샤워,집,서울시 서대문구 연희동,실내,혼자,/,/,/,아니오,보통,보통,보통,보통
2018-09-03 1:30,2018-09-03 2:00,수동적 여가|SNS,집,서울시 서대문구 연희동,실내,친밀한 사람|철수,/,/,/,아니오,긍정,보통,보통,보통
2018-09-03 2:00,2018-09-03 3:50,공부,집,서울시 서대문구 연희동,실내,"친밀한 사람|철수, 영자, 주아",/,/,/,아니오,매우 긍정,높음,보통,보통
2018-09-03 3:50,2018-09-03 4:00,수동적 여가|유튜브 시청,집,서울시 서대문구 연희동,실내,혼자,/,/,/,예,보통,높음,보통,보통
2018-09-03 4:00,2018-09-03 4:20,식사,집,서울시 서대문구 연희동,실내,혼자,"기타|라면, 우동, 김밥",매우 많음,야식,예,보통,높음,보통,보통
2018-09-03 4:20,2018-09-03 4:30,기타|양치,집,서울시 서대문구 연희동,실내,혼자,/,/,/,아니오,매우 부정,높음,보통,보통
2018-09-03 4:30,2018-09-03 5:00,수동적 여가|유튜브 시청,집,서울시 서대문구 연희동,실내,혼자,/,/,/,아니오,부정,높음,보통,보통
2018-09-03 5:00,2018-09-03 5:30,기타|과제,집,서울시 서대문구 연희동,실내,혼자,/,/,/,아니오,보통,높음,보통,보통
2018-09-03 5:30,2018-09-03 5:50,수동적 여가|유튜브 시청,집,서울시 서대문구 연희동,실내,혼자,/,/,/,아니오,보통,높음,보통,보통
2018-09-03 5:50,2018-09-03 6:00,청소,집,서울시 서대문구 연희동,실내,혼자,/,/,/,아니오,보통,높음,보통,보통
2018-09-03 6:00,2018-09-03 6:20,수동적 여가|웹서핑,집,서울시 서대문구 연희동,실내,혼자,/,/,/,아니오,보통,매우 높음,보통,보통
2018-09-03 6:20,2018-09-03 6:25,기타|알람 맞추기,집,서울시 서대문구 연희동,실내,혼자,/,/,/,아니오,보통,매우 높음,보통,보통
2018-09-03 6:25,2018-09-03 12:05,수면,집,서울시 서대문구 연희동,실내,혼자,/,/,/,아니오,보통,보통,보통,보통
2018-09-03 12:05,2018-09-03 12:15,기상,집,서울시 서대문구 연희동,실내,혼자,/,/,/,아니오,매우 부정,매우 높음,보통,보통
2018-09-03 12:15,2018-09-03 12:30,기타|샤워,집,서울시 서대문구 연희동,실내,혼자,/,/,/,아니오,부정,매우 높음,보통,보통
2018-09-03 12:30,2018-09-03 12:40,수동적 여가|노래 듣기,집,서울시 서대문구 연희동,실내,혼자,/,/,/,아니오,부정,높음,보통,보통
2018-09-03 12:40,2018-09-03 13:10,기타|화장,집,서울시 서대문구 연희동,실내,혼자,/,/,/,아니오,매우 부정,높음,보통,보통
2018-09-03 13:10,2018-09-03 13:30,이동,야외,서울시 서대문구 신촌동,실외,혼자,/,/,/,아니오,부정,보통,매우 높음,매우 높음
2018-09-03 13:30,2018-09-03 13:40,식사,학교|카페,서울시 서대문구 신촌동,실내,혼자,기타|커피,적음,간식,아니오,보통,보통,보통,보통
2018-09-03 13:40,2018-09-03 14:00,이동,야외,서울시 서대문구 신촌동,실외,혼자,/,/,/,아니오 ,부정,보통,매우 높음,매우 높음
2018-09-03 14:00,2018-09-03 14:50,공부|수강,학교|공D504,서울시 서대문구 신촌동,실내,혼자,/,/,/,아니오,보통,보통,보통,보통
2018-09-03 14:50,2018-09-03 15:00,이동,야외,서울시 서대문구 신촌동,실외,혼자,/,/,/,아니오,부정,보통,매우 높음,매우 높음
2018-09-03 15:00,2018-09-03 16:50,공부|수강,학교|백S504,서울시 서대문구 신촌동,실내,혼자,/,/,/,아니오,보통,보통,보통,보통
2018-09-03 16:50,2018-09-03 17:00,이동,야외,서울시 서대문구 신촌동,실외,혼자,/,/,/,아니오,보통,낮음,보통,높음
2018-09-03 17:00,2018-09-03 18:30,사교,학교|학생회관,서울시 서대문구 신촌동,실내,친밀한 사람|우재,/,/,/,예,긍정,낮음,보통,보통
2018-09-03 18:30,2018-09-03 18:50,이동,야외,서울시 서대문구 신촌동,실외,친밀한 사람|우재,/,/,/,예,긍정,낮음,보통,보통
2018-09-03 18:50,2018-09-03 20:00,사교,기타|노래방,서울시 서대문구 신촌동,실내,"친밀한 사람|우재, 영희",/,/,/,예,매우 긍정,낮음,보통,보통
2018-09-03 20:00,2018-09-03 20:10,이동,야외,서울시 서대문구 신촌동,실외,친밀한 사람|지수,/,/,/,예,긍정,낮음,보통,보통
2018-09-03 20:10,2018-09-03 21:00,식사,기타|카페,서울시 서대문구 신촌동,실내,친밀한 사람|지수,기타|머핀,적음,간식,예,긍정,낮음,보통,보통
2018-09-03 21:00,2018-09-03 21:10,이동,야외,서울시 서대문구 신촌동,실외,혼자,/,/,/,예,보통,낮음,보통,보통
2018-09-03 21:10,2018-09-03 21:30,식사,식당|푼푼찌개집,서울시 서대문구 신촌동,실내,혼자,한식|찌개,매우 많음,저녁,예,보통,낮음,보통,보통
2018-09-03 21:30,2018-09-03 21:50,이동,대중교통|버스,서울시 서대문구 신촌동,실외,혼자,/,/,/,아니오,매우 부정,보통,보통,보통
2018-09-03 21:50,2018-09-03 22:00,기타|세면,집,서울시 서대문구 연희동,실내,혼자,/,/,/,아니오,부정,보통,보통,보통
2018-09-03 22:00,2018-09-03 22:10,청소,집,서울시 서대문구 연희동,실내,혼자,/,/,/,아니오,보통,보통,보통,보통
2018-09-03 22:10,2018-09-03 23:59,공부,집,서울시 서대문구 연희동,실내,혼자,/,/,/,아니오,부정,보통,보통,보통
