start_time,end_time,activity,place,address,location,person,food,amount_of_food,meal_type,hunger,emotion,tiredness,temperature,humidity
2018-09-08 0:00,2018-09-08 2:00,공부|과제,집,서울시 서대문구 연희동,실내,혼자,/,/,/,아니오,보통,보통,보통,보통
2018-09-08 2:00,2018-09-08 2:30,수동적 여가|유튜브 시청,집,서울시 서대문구 연희동,실내,혼자,/,/,/,아니오,보통,보통,보통,보통
2018-09-08 2:30,2018-09-08 2:40,이동,야외,서울시 서대문구 신촌동,실외,친밀한 관계|우진,/,/,/,아니오,부정,보통,높음,높음
2018-09-08 2:40,2018-09-08 3:40,능동적 여가|운동,야외|운동장,서울시 서대문구 신촌동,실외,친밀한 관계|우진,/,/,/,아니오,긍정,높음,보통,높음
2018-09-08 3:40,2018-09-08 3:50,이동,야외,서울시 서대문구 신촌동,실외,혼자,/,/,/,예,보통,높음,보통,높음
2018-09-08 3:50,2018-09-08 4:10,기타|샤워,집,서울시 서대문구 연희동,실내,혼자,/,/,/,아니오,보통,높음,보통,보통
2018-09-08 4:10,2018-09-08 4:20,수동적 여가|유튜브 시청,집,서울시 서대문구 연희동,실내,혼자,/,/,/,예,보통,보통,보통,보통
2018-09-08 4:20,2018-09-08 4:30,식사,집,서울시 서대문구 연희동,실내,혼자,"중식|탕수육, 자장면",매우 많음,야식,예,보통,보통,보통,보통
2018-09-08 4:30,2018-09-08 4:40,기타|양치,집,서울시 서대문구 연희동,실내,혼자,/,/,/,아니오,매우 부정,보통,보통,보통
2018-09-08 4:40,2018-09-08 5:00,사교|통화,집,서울시 서대문구 연희동,실내,친밀한 관계|현우,/,/,/,아니오,보통,보통,보통,보통
2018-09-08 5:00,2018-09-08 5:05,기타|알람 맞추기,집,서울시 서대문구 연희동,실내,혼자,/,/,/,아니오,부정,높음,보통,보통
2018-09-08 5:05,2018-09-08 12:00,수면,집,서울시 서대문구 연희동,실내,혼자,/,/,/,아니오,보통,보통,보통,보통
2018-09-08 12:00,2018-09-08 12:10,기상,집,서울시 서대문구 연희동,실내,혼자,/,/,/,아니오,매우 부정,매우 높음,보통,보통
2018-09-08 12:10,2018-09-08 13:00,수동적 여가|유튜브 시청,집,서울시 서대문구 연희동,실내,혼자,/,/,/,아니오,부정,매우 높음,보통,보통
2018-09-08 13:00,2018-09-08 13:20,사교|통화,집,서울시 서대문구 연희동,실내,친밀한 관계|주현,/,/,/,아니오,긍정,높음,보통,보통
2018-09-08 13:20,2018-09-08 14:00,기타|샤워,집,서울시 서대문구 연희동,실내,혼자,/,/,/,아니오,긍정,보통,보통,보통
2018-09-08 14:00,2018-09-08 14:40,기타|화장,집,서울시 서대문구 연희동,실내,혼자,/,/,/,아니오,부정,보통,보통,보통
2018-09-08 14:40,2018-09-08 15:00,이동,대중교통|버스,서울시 서대문구 신촌동,실외,혼자,/,/,/,아니오,보통,보통,보통,낮음
2018-09-08 15:00,2018-09-08 15:10,식사,기타|영화관,서울시 서대문구 신촌동,실내,친밀한 관계|주현,기타|버터구이오징어,적음,간식,예,긍정,보통,보통,보통
2018-09-08 15:10,2018-09-08 15:30,사교,기타|영화관,서울시 서대문구 신촌동,실내,친밀한 관계|주현,/,/,/,예,긍정,보통,보통,보통
2018-09-08 15:30,2018-09-08 16:50,수동적 여가|영화 감상,기타|영화관,서울시 서대문구 신촌동,실내,"친밀한 관계|주현, 소희, 민희, 아름","기타|팝콘, 콜라",적음,간식,예,매우 긍정,보통,보통,보통
2018-09-08 16:50,2018-09-08 17:00,이동,야외,서울시 서대문구 신촌동,실외,"친밀한 관계|주현, 소희",/,/,/,예,긍정,보통,보통,낮음
2018-09-08 17:00,2018-09-08 18:00,식사,식당|디델리,서울시 서대문구 신촌동,실내,"친밀한 관계|주현, 소희, 민희, 아름","기타|라볶이, 참치김밥",많음,저녁,예,매우 긍정,낮음,보통,보통
2018-09-08 18:00,2018-09-08 18:30,이동,대중교통|버스,서울시 서대문구 신촌동,실내,혼자,/,/,/,아니오,보통,낮음,보통,높음
2018-09-08 18:30,2018-09-08 20:30,기타|과외,기타|과외학생 집,서울시 서대문구 신촌동,실내,친밀한 관계|현우(과외학생),/,/,/,아니오,긍정,보통,보통,보통
2018-09-08 20:30,2018-09-08 20:40,이동,야외,서울시 서대문구 신촌동,실외,혼자,/,/,/,아니오,보통,보통,보통,낮음
2018-09-08 20:40,2018-09-08 21:00,식사,카페,서울시 서대문구 신촌동,실내,친밀한 관계|연우,기타|커피,적음,간식,아니오,긍정,낮음,보통,보통
2018-09-08 21:00,2018-09-08 21:10,이동,야외,서울시 서대문구 신촌동,실외,친밀한 관계|연우,/,/,/,아니오,보통,낮음,보통,낮음
2018-09-08 21:10,2018-09-08 22:20,능동적 여가|춤과 노래,기타|노래방,서울시 서대문구 신촌동,실내,"친밀한 관계|연우, 수영, 슬기",/,/,/,아니오,매우 긍정,높음,보통,보통
2018-09-08 22:20,2018-09-08 22:40,이동,대중교통|버스,서울시 서대문구 신촌동,실외,혼자,/,/,/,예,긍정,높음,보통,높음
2018-09-08 22:40,2018-09-08 23:00,기타|샤워,집,서울시 서대문구 연희동,실내,혼자,/,/,/,예,보통 ,보통,보통,높음
2018-09-08 23:00,2018-09-08 23:20,식사,집,서울시 서대문구 연희동,실내,혼자,기타|치킨,매우 많음 ,야식,예,보통,보통,보통,보통
2018-09-08 23:20,2018-09-08 23:30,기타|양치,집,서울시 서대문구 연희동,실내,혼자,/,/,/,아니오,매우 부정,보통,보통,보통
2018-09-08 23:30,2018-09-08 23:40,청소,집,서울시 서대문구 연희동,실내,혼자,/,/,/,아니오,부정,보통,보통,보통
2018-09-08 23:40,2018-09-08 23:59,수동적 여가|SNS,집,서울시 서대문구 연희동,실내,"친밀한 관계|주현, 소희, 철수, 영희",/,/,/,아니오,보통,보통,보통,보통
