start_time,end_time,activity,place,address,location,person,food,amount_of_food,meal_type,hunger,emotion,tiredness,temperature,humidity
2018-09-12 0:00,2018-09-12 3:00,공부,집,서울시 서대문구 연희동,실내,혼자,/,/,/,아니오,부정,보통,보통,보통
2018-09-12 3:00,2018-09-12 3:10,청소,집,서울시 서대문구 연희동,실내,혼자,/,/,/,아니오,보통,보통,보통,보통
2018-09-12 3:10,2018-09-12 3:20,사교|통화,집,서울시 서대문구 연희동,실내,친밀한 관계|아름,/,/,/,아니오,긍정,보통,보통,높음
2018-09-12 3:20,2018-09-12 3:30,이동,야외,서울시 서대문구 신촌동,실외,혼자,/,/,/,아니오,부정,보통,보통,매우 높음
2018-09-12 3:30,2018-09-12 4:30,능동적 여가|운동,야외|운동장,서울시 서대문구 신촌동,실외,친밀한 관계|아름,/,/,/,아니오,부정,높음,보통,매우 높음
2018-09-12 4:30,2018-09-12 4:50,이동,야외,서울시 서대문구 신촌동,실외,친밀한 관계|아름,/,/,/,예,부정,높음,보통,매우 높음
2018-09-12 4:50,2018-09-12 5:40,사교,카페|할리스,서울시 서대문구 신촌동,실내,"친밀한 관계|아름, 영희",기타|허니브레드,보통,간식,예,긍정,보통,보통,보통
2018-09-12 5:40,2018-09-12 5:50,이동,야외,서울시 서대문구 신촌동,실외,혼자,/,/,/,예,부정,보통,보통,매우 높음
2018-09-12 5:50,2018-09-12 6:10,식사,식당|김밥천국,서울시 서대문구 신촌동,실내,혼자,"한식|돌솥비빔밥, 일식|돈가스",매우 많음,야식,예,보통,보통,보통,보통
2018-09-12 6:10,2018-09-12 6:30,이동,대중교통|버스,서울시 서대문구 신촌동,실외,혼자,/,/,/,아니오,매우 부정,높음,보통,높음
2018-09-12 6:30,2018-09-12 6:50,기타|샤워,집,서울시 서대문구 연희동,실내,혼자,/,/,/,아니오,매우 부정,높음,보통,높음
2018-09-12 6:50,2018-09-12 7:00,수동적 여가|유튜브 시청,집,서울시 서대문구 연희동,실내,혼자,/,/,/,아니오,부정,보통,보통,보통
2018-09-12 7:00,2018-09-12 7:05,기타|알람 맞추기,집,서울시 서대문구 연희동,실내,혼자,/,/,/,아니오,부정,보통,보통,보통
2018-09-12 7:05,2018-09-12 13:00,수면,집,서울시 서대문구 연희동,실내,혼자,/,/,/,아니오,보통,보통,보통,보통
2018-09-12 13:00,2018-09-12 13:10,기상,집,서울시 서대문구 연희동,실내,혼자,/,/,/,아니오,매우 부정,매우 높음,보통,보통
2018-09-12 13:10,2018-09-12 13:40,수동적 여가|유튜브 시청,집,서울시 서대문구 연희동,실내,혼자,/,/,/,아니오,부정,매우 높음,보통,보통
2018-09-12 13:40,2018-09-12 14:00,기타|샤워,집,서울시 서대문구 연희동,실내,혼자,/,/,/,아니오,부정,높음,보통,보통
2018-09-12 14:00,2018-09-12 14:30,기타|화장,집,서울시 서대문구 연희동,실내,혼자,/,/,/,아니오,매우 부정,높음,보통,보통
2018-09-12 14:30,2018-09-12 14:40,이동,야외,서울시 서대문구 신촌동,실외,혼자,/,/,/,아니오,부정,높음,매우 높음,높음
2018-09-12 14:40,2018-09-12 14:50,식사,학교|카페,서울시 서대문구 신촌동,실내,친밀한 관계|영희,기타|커피,적음,간식,아니오,긍정,보통,보통,보통
2018-09-12 14:50,2018-09-12 15:00,이동,야외,서울시 서대문구 신촌동,실외,친밀한 관계|영희,/,/,/,아니오,보통,높음,높음,높음
2018-09-12 15:00,2018-09-12 16:50,공부|수강,학교|공D504,서울시 서대문구 신촌동,실내,혼자,/,/,/,아니오,보통,높음,보통,보통
2018-09-12 16:50,2018-09-12 17:00,이동,야외,서울시 서대문구 신촌동,실외,혼자,/,/,/,아니오,보통,보통,높음,보통
2018-09-12 17:00,2018-09-12 18:50,공부|수강,학교|백S504,서울시 서대문구 신촌동,실내,혼자,/,/,/,아니오,보통,보통,보통,보통
2018-09-12 18:50,2018-09-12 19:10,이동,대중교통|버스,서울시 서대문구 신촌동,실외,친밀한 관계|수연,/,/,/,아니오,보통,낮음,보통,보통
2018-09-12 19:10,2018-09-12 21:00,봉사,기타|센터,서울시 서대문구 신촌동,실내,친밀한 관계|수연,/,/,/,예,긍정,보통,보통,보통
2018-09-12 21:00,2018-09-12 21:20,이동,대중교통|버스,서울시 서대문구 신촌동,실외,친밀한 관계|수연,/,/,/,예,긍정,보통,보통,높음
2018-09-12 21:20,2018-09-12 22:30,사교,식당|술집,서울시 서대문구 신촌동,실내,"친밀한 관계|수연, 지혜, 유창",일식|꼬치,보통,저녁,예,매우 긍정,보통,보통,보통
2018-09-12 22:30,2018-09-12 22:40,이동,야외,서울시 서대문구 신촌동,실외,"친밀한 관계|수연, 지혜, 유창",/,/,/,아니오,긍정,보통,보통,높음
2018-09-12 22:40,2018-09-12 22:50,기타|장 보기,상점|편의점,서울시 서대문구 신촌동,실내,"친밀한 관계|수연, 지혜, 유창",/,/,/,아니오,긍정,보통,보통,보통
2018-09-12 22:50,2018-09-12 23:00,이동,야외,서울시 서대문구 신촌동,실외,"친밀한 관계|수연, 지혜, 유창, 서희, 철수",/,/,/,아니오,긍정,보통,보통,높음
2018-09-12 23:00,2018-09-12 23:59,사교,식당|술집,서울시 서대문구 신촌동,실내,"친밀한 관계|수연, 지혜, 유창, 서희, 철수",/,/,/,아니오,매우 긍정,보통,보통,높음
