start_time,end_time,activity,place,address,location,person,food,amount_of_food,meal_type,hunger,emotion,tiredness,temperature,humidity
2018-09-14 0:00,2018-09-14 0:30,사교,야외,서울시 서대문구 신촌동,실외,친밀한 관계|영미,/,/,/,예,긍정,보통,보통,높음
2018-09-14 0:30,2018-09-14 0:50,이동,야외,서울시 서대문구 신촌동,실외,"친밀한 관계|영미, 아름",/,/,/,예,긍정,보통,보통,높음
2018-09-14 0:50,2018-09-14 1:00,기타|PC방 돈 충전,기타|PC방,서울시 서대문구 신촌동,실내,"친밀한 관계|아름, 영우",/,/,/,예,보통,보통,보통,보통
2018-09-14 1:00,2018-09-14 4:00,기타|게임,기타|PC방,서울시 서대문구 신촌동,실내,"친밀한 관계|아름, 영우, 영식",기타|불닭볶음면,보통,야식,예,매우 긍정,높음,보통,보통
2018-09-14 4:00,2018-09-14 4:10,이동,야외,서울시 서대문구 신촌동,실외,"친밀한 관계|아름, 영우",/,/,/,아니오,긍정,높음,보통,보통
2018-09-14 4:10,2018-09-14 5:00,능동적 여가|산책,야외,서울시 서대문구 신촌동,실외,친밀한 관계|영우,/,/,/,예 ,긍정,높음,보통,보통
2018-09-14 5:00,2018-09-14 5:30,이동,야외,서울시 서대문구 신촌동,실외,혼자,/,/,/,예,보통,높음,보통,보통
2018-09-14 5:30,2018-09-14 5:50,기타|샤워,집,서울시 서대문구 연희동,실내,혼자,/,/,/,아니오,보통,높음,보통,높음
2018-09-14 5:50,2018-09-14 7:50,공부,집,서울시 서대문구 신촌동,실내,혼자,/,/,/,아니오,보통,높음,보통,보통
2018-09-14 7:50,2018-09-14 8:30,수동적 여가|유튜브 시청,집,서울시 서대문구 연희동,실내,혼자,/,/,/,예,보통,높음,보통,보통
2018-09-14 8:30,2018-09-14 8:50,식사,집,서울시 서대문구 연희동,실내,혼자,기타|치킨,매우 많음,야식,예,긍정,높음,보통,보통
2018-09-14 8:50,2018-09-14 9:00,기타|양치,집,서울시 서대문구 연희동,실내,혼자,/,/,/,아니오,매우 부정,높음,보통,보통
2018-09-14 9:00,2018-09-14 9:10,청소,집,서울시 서대문구 연희동,실내,혼자,/,/,/,아니오,부정,높음,보통,보통
2018-09-14 9:10,2018-09-14 9:30,수동적 여가|웹서핑,집,서울시 서대문구 연희동,실내,혼자,/,/,/,아니오,부정,높음,보통,보통
2018-09-14 9:30,2018-09-14 9:35,기타|알람 맞추기,집,서울시 서대문구 연희동,실내,혼자,/,/,/,아니오,부정,높음,보통,보통
2018-09-14 9:35,2018-09-14 16:00,수면,집,서울시 서대문구 연희동,실내,혼자,/,/,/,아니오,보통,보통,보통,보통
2018-09-14 16:00,2018-09-14 16:10,기상,집,서울시 서대문구 연희동,실내,혼자,/,/,/,아니오,매우 부정,매우 높음,보통,보통
2018-09-14 16:10,2018-09-14 16:30,수동적 여가|유튜브 시청,집,서울시 서대문구 연희동,실내,혼자,/,/,/,아니오,부정,매우 높음,보통,보통
2018-09-14 16:30,2018-09-14 16:50,기타|샤워,집,서울시 서대문구 연희동,실내,혼자,/,/,/,아니오,부정,높음,보통,보통
2018-09-14 16:50,2018-09-14 17:10,기타|화장,집,서울시 서대문구 연희동,실내,혼자,/,/,/,아니오,부정,높음,보통,보통
2018-09-14 17:10,2018-09-14 17:30,이동,대중교통|버스,서울시 서대문구 신촌동,실외,혼자,/,/,/,아니오,보통,보통,보통,낮음
2018-09-14 17:30,2018-09-14 21:00,업무|아르바이트,카페,서울시 서대문구 신촌동,실내,"친밀한 관계|아르바이트 사장, 지원","기타|커피, 쿠키",적음,간식,예,매우 긍정,보통,보통,보통
2018-09-14 21:00,2018-09-14 21:10,이동,야외,서울시 서대문구 신촌동,실외,혼자,/,/,/,예,긍정,높음,보통,낮음
2018-09-14 21:10,2018-09-14 21:30,식사,식당|홍대개미,서울시 서대문구 신촌동,실내,혼자,일식|덮밥,매우 많음,저녁,예,보통,보통,보통,보통
2018-09-14 21:30,2018-09-14 21:40,기타|양치,식당|홍대개미,서울시 서대문구 신촌동,실내,혼자,/,/,/,아니오,매우 부정,보통,보통,보통
2018-09-14 21:40,2018-09-14 21:50,이동,야외,서울시 서대문구 신촌동,실외,혼자,/,/,/,아니오,매우 부정 낮음,보통,보통,낮음
2018-09-14 21:50,2018-09-14 22:30,사교,카페|공차,서울시 서대문구 신촌동,실내,친밀한 관계|영희,기타|밀크티,보통,간식,아니오,긍정,낮음,보통,보통
2018-09-14 22:30,2018-09-14 23:00,공부|과제,카페|공차,서울시 서대문구 신촌동,실내,친밀한 관계|영희,/,/,/,아니오,긍정,낮음,보통,보통
2018-09-14 23:00,2018-09-14 23:20,사교|통화,카페|공차,서울시 서대문구 신촌동,실내,친밀한 관계|서희,/,/,/,아니오,긍정,낮음,보통,보통
2018-09-14 23:20,2018-09-14 23:40,능동적 여가|산책,야외,서울시 서대문구 신촌동,실외,친밀한 관계|서희,/,/,/,아니오,긍정,보통,보통,낮음
2018-09-14 23:40,2018-09-14 23:59,이동,대중교통|버스,서울시 서대문구 신촌동,실외,친밀한 관계|서희,/,/,/,아니오,긍정,보통,보통,낮음
